team,abbreviation,mascot,conference,logo_url,color,record,wins,losses,games_played,current_elo,model_rank,recent_elo_change,points_for_per_game,points_against_per_game,recent_margin_vs_expectation,momentum_score,momentum_label,schedule_strength_elo,schedule_strength_label,offensive_rating,defensive_rating,rating_note
Indiana,IU,Hoosiers,Big Ten,https://cdn.collegefootballdata.com/logos/500/84.png,#990000,1-0,1,0,1,1757.2937959056403,1.0,21.724927222047427,52.0,16.0,19.683770742186347,6.007189046648958,Building sample,1569.522854550036,Building sample,,,Not yet exported by production model
Ohio State,OSU,Buckeyes,Big Ten,https://cdn.collegefootballdata.com/logos/500/194.png,#ba0c2f,1-0,1,0,1,1715.5134452879545,2.0,9.541478025116021,56.0,3.0,26.428055366966547,7.084087742997438,Building sample,1377.8240149624394,Building sample,,,Not yet exported by production model
Notre Dame,ND,Fighting Irish,FBS Independents,https://cdn.collegefootballdata.com/logos/500/87.png,#0c2340,1-0,1,0,1,1714.3346999478958,3.0,20.171808958173642,41.0,13.0,5.135462894455639,2.2924561715225917,Building sample,1453.788383076508,Building sample,,,Not yet exported by production model
Oregon,ORE,Ducks,Big Ten,https://cdn.collegefootballdata.com/logos/500/2483.png,#007030,1-0,1,0,1,1708.6248984822814,4.0,14.059374220616291,34.0,27.0,-8.554916153408776,-1.4357603273213795,Building sample,1560.3359444067046,Building sample,,,Not yet exported by production model
Miami,MIA,Hurricanes,ACC,https://cdn.collegefootballdata.com/logos/500/2390.png,#f47321,1-0,1,0,1,1700.6165493006483,5.0,38.10347814058241,45.0,6.0,37.39410923521664,11.25370121583328,Building sample,1449.4263501618034,Building sample,,,Not yet exported by production model
Georgia,UGA,Bulldogs,SEC,https://cdn.collegefootballdata.com/logos/500/61.png,#ba0c2f,1-0,1,0,1,1698.6720293764013,6.0,5.447453919072359,63.0,3.0,36.563625638446254,9.41327910556518,Building sample,,Building sample,,,Not yet exported by production model
Texas Tech,TTU,Red Raiders,Big 12,https://cdn.collegefootballdata.com/logos/500/2641.png,#c30020,1-0,1,0,1,1696.3615827286703,7.0,5.16875657269884,33.0,10.0,-1.4716275964580632,-0.10946907047957383,Building sample,,Building sample,,,Not yet exported by production model
Ole Miss,MISS,Rebels,SEC,https://cdn.collegefootballdata.com/logos/500/145.png,#13294b,1-0,1,0,1,1675.4652700523905,8.0,15.607002478809363,41.0,38.0,-7.717412004844302,-1.1490028772706073,Building sample,1565.5862017265626,Building sample,,,Not yet exported by production model
James Madison,JMU,Dukes,Sun Belt,https://cdn.collegefootballdata.com/logos/500/256.png,#450084,1-0,1,0,1,1669.458929066236,9.0,9.201080540548219,20.0,13.0,-14.349000084933738,-3.1271959942060237,Building sample,1445.9725012455792,Building sample,,,Not yet exported by production model
Texas,TEX,Longhorns,SEC,https://cdn.collegefootballdata.com/logos/500/251.png,#bf5700,1-0,1,0,1,1666.515321677154,10.0,29.21770513111801,59.0,7.0,41.297893011528686,11.785358509438073,Building sample,1505.9141167852154,Building sample,,,Not yet exported by production model
Utah,UTAH,Utes,Big 12,https://cdn.collegefootballdata.com/logos/500/254.png,#be0000,1-0,1,0,1,1660.729581685276,11.0,6.54855939480899,66.0,14.0,34.747525140804555,9.014309254941589,Building sample,,Building sample,,,Not yet exported by production model
Texas A&M,TA&M,Aggies,SEC,https://cdn.collegefootballdata.com/logos/500/245.png,#500000,1-0,1,0,1,1653.9543744575,12.0,22.07223771044164,50.0,0.0,35.495928741659,9.977594070936831,Building sample,1451.4597308110424,Building sample,,,Not yet exported by production model
Alabama,ALA,Crimson Tide,SEC,https://cdn.collegefootballdata.com/logos/500/333.png,#9e1b32,1-0,1,0,1,1652.1223719119694,13.0,32.76390639969236,48.0,10.0,30.162737057676964,9.178879584403859,Building sample,1527.6523959313508,Building sample,,,Not yet exported by production model
USC,USC,Trojans,Big Ten,https://cdn.collegefootballdata.com/logos/500/30.png,#990000,2-0,2,0,2,1649.5393303781975,14.0,41.08904246045745,40.5,13.0,13.83206196795474,5.512467615011557,Surging,1463.1295336136195,Soft,,,Not yet exported by production model
SMU,SMU,Mustangs,ACC,https://cdn.collegefootballdata.com/logos/500/2567.png,#d70000,1-0,1,0,1,1638.1833977802105,15.0,16.780449575502416,27.0,24.0,3.551161770267278,1.7268129213419403,Building sample,1469.6144787585583,Building sample,,,Not yet exported by production model
BYU,BYU,Cougars,Big 12,https://cdn.collegefootballdata.com/logos/500/252.png,#003da5,1-0,1,0,1,1637.6534812888926,16.0,7.3672700583611,63.0,7.0,35.80165368361543,9.318776923821911,Building sample,,Building sample,,,Not yet exported by production model
North Dakota State,NDSU,Bison,Mountain West,https://cdn.collegefootballdata.com/logos/500/2449.png,#00583d,2-0,2,0,2,1637.6006689348062,17.0,34.821079224311234,35.5,3.5,15.133980441246582,5.524549071527208,Surging,1512.0758398952134,Average,,,Not yet exported by production model
Vanderbilt,VAN,Commodores,SEC,https://cdn.collegefootballdata.com/logos/500/238.png,#000000,1-0,1,0,1,1634.9621498416925,18.0,7.7257184252910065,28.0,9.0,-0.8071486449431298,0.18449876002876786,Building sample,,Building sample,,,Not yet exported by production model
Iowa,IOWA,Hawkeyes,Big Ten,https://cdn.collegefootballdata.com/logos/500/2294.png,#000000,1-0,1,0,1,1632.8085957398644,19.0,15.894798847078391,40.0,0.0,21.514562850298717,6.173380654928598,Building sample,1389.5657847376483,Building sample,,,Not yet exported by production model
Oklahoma,OU,Sooners,SEC,https://cdn.collegefootballdata.com/logos/500/201.png,#841617,1-0,1,0,1,1622.4858108032477,20.0,14.662782268398587,51.0,0.0,28.3246320392657,7.814297123236354,Building sample,1354.7115045358778,Building sample,,,Not yet exported by production model
Duke,DUKE,Blue Devils,ACC,https://cdn.collegefootballdata.com/logos/500/150.png,#00539b,1-0,1,0,1,1621.523529362481,21.0,33.85217138994949,17.0,3.0,7.47916117821174,3.5623988640504094,Building sample,1577.3293781031616,Building sample,,,Not yet exported by production model
Penn State,PSU,Nittany Lions,Big Ten,https://cdn.collegefootballdata.com/logos/500/213.png,#001e44,1-0,1,0,1,1617.3436917982244,22.0,29.77119133205747,45.0,0.0,29.69502526641938,8.912315883207718,Building sample,1467.5779881294177,Building sample,,,Not yet exported by production model
Navy,NAVY,Midshipmen,American Athletic,https://cdn.collegefootballdata.com/logos/500/2426.png,#00225b,1-0,1,0,1,1609.2826787626482,23.0,7.9535658210247675,42.0,15.0,10.027584446891602,2.9045744027741387,Building sample,,Building sample,,,Not yet exported by production model
Arizona,ARIZ,Wildcats,Big 12,https://cdn.collegefootballdata.com/logos/500/12.png,#cc0033,1-0,1,0,1,1608.2833637573856,24.0,8.49775962202375,35.0,7.0,12.17740089671127,3.4692382052790047,Building sample,,Building sample,,,Not yet exported by production model
Washington,WASH,Huskies,Big Ten,https://cdn.collegefootballdata.com/logos/500/264.png,#33006f,1-0,1,0,1,1606.424628129874,25.0,24.824141684389588,24.0,10.0,5.150920194034626,2.528937132728136,Building sample,1503.5186422185911,Building sample,,,Not yet exported by production model
Virginia,UVA,Cavaliers,ACC,https://cdn.collegefootballdata.com/logos/500/258.png,#232d4b,1-0,1,0,1,1604.2440014456408,26.0,34.021490234151315,34.0,8.0,21.019858783174975,6.956039207501309,Building sample,1511.0598676959014,Building sample,,,Not yet exported by production model
South Florida,USF,Bulls,American Athletic,https://cdn.collegefootballdata.com/logos/500/58.png,#006747,1-0,1,0,1,1600.9149060683244,27.0,19.5829144597335,19.0,9.0,-3.1214144273543045,0.198792116148099,Building sample,1482.326850841506,Building sample,,,Not yet exported by production model
Old Dominion,ODU,Monarchs,Sun Belt,https://cdn.collegefootballdata.com/logos/500/295.png,#043657,1-0,1,0,1,1597.1625389671794,28.0,8.630043049926599,31.0,10.0,-3.0808925710237602,-0.3387209902596101,Building sample,,Building sample,,,Not yet exported by production model
Michigan,MICH,Wolverines,Big Ten,https://cdn.collegefootballdata.com/logos/500/130.png,#00274c,1-0,1,0,1,1593.4951700755057,29.0,11.208394007465358,13.0,12.0,1.9063716403597155,1.0370126104631967,Building sample,1556.3101785924891,Building sample,,,Not yet exported by production model
Memphis,MEM,Tigers,American Athletic,https://cdn.collegefootballdata.com/logos/500/235.png,#00498f,2-0,2,0,2,1593.195214576133,30.0,59.35474441248016,34.5,22.5,12.591787221082075,6.115684025894527,Surging,1518.6326626483797,Average,,,Not yet exported by production model
Pittsburgh,PITT,Panthers,ACC,https://cdn.collegefootballdata.com/logos/500/221.png,#003594,1-0,1,0,1,1590.910518956548,31.0,36.650042506295904,59.0,14.0,35.620749418661866,10.737689479980261,Building sample,1474.4533089192437,Building sample,,,Not yet exported by production model
LSU,LSU,Tigers,SEC,https://cdn.collegefootballdata.com/logos/500/99.png,#461d7c,1-0,1,0,1,1586.061835262534,32.0,50.07374808382451,51.0,10.0,37.90553306872991,11.980070671373703,Building sample,1528.292030377164,Building sample,,,Not yet exported by production model
New Mexico,UNM,Lobos,Mountain West,https://cdn.collegefootballdata.com/logos/500/167.png,#ba0c2f,1-0,1,0,1,1585.046353288679,33.0,28.015158279234583,38.0,7.0,20.025385644603467,6.407104325112596,Building sample,1447.32297207173,Building sample,,,Not yet exported by production model
UNLV,UNLV,Rebels,Mountain West,https://cdn.collegefootballdata.com/logos/500/2439.png,#cf0a2c,1-1,1,1,2,1579.5418673162617,34.0,9.469852949966025,21.0,16.5,-0.541779873968057,0.338047679006287,Stable,1524.7344459389205,Average,,,Not yet exported by production model
Tulane,TULN,Green Wave,American Athletic,https://cdn.collegefootballdata.com/logos/500/2655.png,#006747,0-1,0,1,1,1577.3293781031616,35.0,-33.85217138994949,3.0,17.0,-7.47916117821174,-3.5623988640504094,Building sample,1621.523529362481,Building sample,,,Not yet exported by production model
Illinois,ILL,Fighting Illini,Big Ten,https://cdn.collegefootballdata.com/logos/500/356.png,#ff5f05,1-0,1,0,1,1574.7830034194762,36.0,18.160351541604996,42.0,23.0,4.155190091464522,1.9468150999463805,Building sample,1395.6840502683667,Building sample,,,Not yet exported by production model
Tennessee,TENN,Volunteers,SEC,https://cdn.collegefootballdata.com/logos/500/2633.png,#ff8200,1-0,1,0,1,1573.391241313004,37.0,9.774467409713225,56.0,9.0,28.10756495043441,7.515614608094263,Building sample,,Building sample,,,Not yet exported by production model
Arizona State,ASU,Sun Devils,Big 12,https://cdn.collegefootballdata.com/logos/500/9.png,#ffc627,1-0,1,0,1,1570.643693878074,38.0,9.470646791186027,70.0,7.0,45.97866816094542,11.968199379795657,Building sample,,Building sample,,,Not yet exported by production model
North Texas,UNT,Mean Green,American Athletic,https://cdn.collegefootballdata.com/logos/500/249.png,#00853e,0-1,0,1,1,1569.522854550036,39.0,-21.724927222047427,16.0,52.0,-19.683770742186347,-6.007189046648958,Building sample,1757.2937959056403,Building sample,,,Not yet exported by production model
Missouri,MIZ,Tigers,SEC,https://cdn.collegefootballdata.com/logos/500/142.png,#f1b82d,1-0,1,0,1,1568.378480927964,40.0,9.715715215103728,54.0,14.0,20.57161991913263,5.628690740538344,Building sample,,Building sample,,,Not yet exported by production model
Louisville,LOU,Cardinals,ACC,https://cdn.collegefootballdata.com/logos/500/97.png,#c9001f,0-1,0,1,1,1565.5862017265626,41.0,-15.607002478809363,38.0,41.0,7.717412004844302,1.1490028772706073,Building sample,1675.4652700523905,Building sample,,,Not yet exported by production model
Iowa State,ISU,Cyclones,Big 12,https://cdn.collegefootballdata.com/logos/500/66.png,#c8102e,1-0,1,0,1,1564.9563298209505,42.0,9.767282311216832,38.0,10.0,12.041963031199476,3.4988548733607105,Building sample,,Building sample,,,Not yet exported by production model
UConn,CONN,Huskies,FBS Independents,https://cdn.collegefootballdata.com/logos/500/41.png,#000e2f,1-0,1,0,1,1564.6236423255634,43.0,9.39455198646192,56.0,7.0,32.05092578119526,8.482459044621912,Building sample,,Building sample,,,Not yet exported by production model
Kansas State,KSU,Wildcats,Big 12,https://cdn.collegefootballdata.com/logos/500/2306.png,#512888,1-0,1,0,1,1561.5419234709886,44.0,9.381552273406442,71.0,3.0,49.12215420586011,12.74961616513535,Building sample,,Building sample,,,Not yet exported by production model
Boise State,BOIS,Broncos,Pac-12,https://cdn.collegefootballdata.com/logos/500/68.png,#0033a0,0-1,0,1,1,1560.3359444067046,45.0,-14.059374220616519,27.0,34.0,8.554916153408776,1.435760327321368,Building sample,1708.6248984822814,Building sample,,,Not yet exported by production model
Houston,HOU,Cougars,Big 12,https://cdn.collegefootballdata.com/logos/500/248.png,#c8102e,1-0,1,0,1,1559.0117102145005,46.0,13.426800559934918,33.0,20.0,-4.480832658245408,-0.4488681365646061,Building sample,1354.234153286215,Building sample,,,Not yet exported by production model
Kennesaw State,KENN,Owls,Conference USA,https://cdn.collegefootballdata.com/logos/500/338.png,#fdbb30,1-0,1,0,1,1558.6020896743212,47.0,10.69691482481062,47.0,0.0,37.57592666291026,9.928827406968097,Building sample,,Building sample,,,Not yet exported by production model
Western Michigan,WMU,Broncos,Mid-American,https://cdn.collegefootballdata.com/logos/500/2711.png,#532e1f,0-1,0,1,1,1556.3101785924891,48.0,-11.208394007465358,12.0,13.0,-1.9063716403597155,-1.0370126104631967,Building sample,1593.4951700755057,Building sample,,,Not yet exported by production model
Army,ARMY,Black Knights,American Athletic,https://cdn.collegefootballdata.com/logos/500/349.png,#000000,1-0,1,0,1,1553.2611891911174,49.0,10.468201758448458,59.0,3.0,39.58219299000976,10.418958335424863,Building sample,,Building sample,,,Not yet exported by production model
San Diego State,SDSU,Aztecs,Pac-12,https://cdn.collegefootballdata.com/logos/500/21.png,#a6192e,1-0,1,0,1,1552.8874805307128,50.0,9.797487228128375,53.0,20.0,13.339711781523313,3.824802306787247,Building sample,,Building sample,,,Not yet exported by production model
UTSA,UTSA,Roadrunners,American Athletic,https://cdn.collegefootballdata.com/logos/500/2636.png,#0c2340,1-0,1,0,1,1548.55270146998,51.0,11.133786379069988,45.0,16.0,12.731602770115884,3.7395900114824707,Building sample,,Building sample,,,Not yet exported by production model
Wake Forest,WAKE,Demon Deacons,ACC,https://cdn.collegefootballdata.com/logos/500/154.png,#ceb888,1-0,1,0,1,1548.2443996568095,52.0,22.71654955616941,38.0,16.0,9.538724843462006,3.520508688673972,Building sample,1397.2931038933596,Building sample,,,Not yet exported by production model
TCU,TCU,Horned Frogs,Big 12,https://cdn.collegefootballdata.com/logos/500/2628.png,#4d1979,0-1,0,1,1,1546.7519798112687,53.0,-35.12854018998655,10.0,15.0,-22.2203379387702,-7.311511494191878,Building sample,1472.8270752994415,Building sample,,,Not yet exported by production model
Nebraska,NEB,Cornhuskers,Big Ten,https://cdn.collegefootballdata.com/logos/500/158.png,#d00000,1-0,1,0,1,1546.367843230008,54.0,50.47365143558568,49.0,21.0,27.26024215553501,9.338743110663037,Building sample,1520.207933837767,Building sample,,,Not yet exported by production model
Minnesota,MINN,Golden Gophers,Big Ten,https://cdn.collegefootballdata.com/logos/500/135.png,#7a0019,1-0,1,0,1,1544.2209567406258,55.0,10.74394190744556,59.0,7.0,36.688865389199684,9.709413442672199,Building sample,,Building sample,,,Not yet exported by production model
Clemson,CLEM,Tigers,ACC,https://cdn.collegefootballdata.com/logos/500/228.png,#f56600,0-1,0,1,1,1528.292030377164,56.0,-50.07374808382406,10.0,51.0,-37.90553306872991,-11.98007067137368,Building sample,1586.061835262534,Building sample,,,Not yet exported by production model
Cincinnati,CIN,Bearcats,Big 12,https://cdn.collegefootballdata.com/logos/500/2132.png,#000000,1-0,1,0,1,1527.9312666571054,57.0,24.93305249670334,34.0,15.0,10.763069572488327,3.9374200179572485,Building sample,1402.86103970828,Building sample,,,Not yet exported by production model
East Carolina,ECU,Pirates,American Athletic,https://cdn.collegefootballdata.com/logos/500/151.png,#592a8a,0-1,0,1,1,1527.6523959313508,58.0,-32.76390639969236,10.0,48.0,-30.162737057676964,-9.178879584403859,Building sample,1652.1223719119694,Building sample,,,Not yet exported by production model
South Carolina,SC,Gamecocks,SEC,https://cdn.collegefootballdata.com/logos/500/2579.png,#73000a,1-0,1,0,1,1526.9127993667614,59.0,32.59244115439037,57.0,0.0,42.754440753022074,12.318232245975038,Building sample,1378.4805122428695,Building sample,,,Not yet exported by production model
Toledo,TOL,Rockets,Mid-American,https://cdn.collegefootballdata.com/logos/500/2649.png,#0b2240,0-1,0,1,1,1526.3409878225737,60.0,-40.88470747319184,20.0,30.0,-15.22142563638534,-5.849591782755927,Building sample,1474.5641971221996,Building sample,,,Not yet exported by production model
Troy,TROY,Trojans,Sun Belt,https://cdn.collegefootballdata.com/logos/500/2653.png,#862633,1-0,1,0,1,1521.2872463220497,61.0,8.710962273829864,24.0,21.0,-13.533264025277518,-2.947767892627886,Building sample,1368.4562593564751,Building sample,,,Not yet exported by production model
Louisiana Tech,LT,Bulldogs,Sun Belt,https://cdn.collegefootballdata.com/logos/500/2348.png,#003087,1-0,1,0,1,1521.2803614299037,62.0,11.250335825215188,80.0,6.0,54.72603895513366,14.244026530044174,Building sample,,Building sample,,,Not yet exported by production model
Florida,FLA,Gators,SEC,https://cdn.collegefootballdata.com/logos/500/57.png,#0021a5,1-0,1,0,1,1521.2253206157222,63.0,32.19086740769808,66.0,21.0,29.6931433722889,9.032829213457129,Building sample,1383.914886049812,Building sample,,,Not yet exported by production model
Ohio,OHIO,Bobcats,Mid-American,https://cdn.collegefootballdata.com/logos/500/195.png,#024230,0-1,0,1,1,1520.207933837767,64.0,-50.47365143558591,21.0,49.0,-27.26024215553501,-9.338743110663048,Building sample,1546.367843230008,Building sample,,,Not yet exported by production model
Georgia Tech,GT,Yellow Jackets,ACC,https://cdn.collegefootballdata.com/logos/500/59.png,#b3a369,0-1,0,1,1,1518.2220960427098,65.0,-21.981480854588654,13.0,14.0,-14.37668626246188,-4.693245608344903,Building sample,1461.9999472470438,Building sample,,,Not yet exported by production model
Northwestern,NU,Wildcats,Big Ten,https://cdn.collegefootballdata.com/logos/500/77.png,#582c83,1-0,1,0,1,1517.7880937075518,66.0,12.645544501334598,34.0,18.0,7.2553185445177775,2.4461068611961743,Building sample,,Building sample,,,Not yet exported by production model
Jacksonville State,JXST,Gamecocks,Conference USA,https://cdn.collegefootballdata.com/logos/500/55.png,#cc0000,1-1,1,1,2,1512.0758398952134,67.0,-15.682301321018258,28.0,20.0,4.847331233588424,0.4277177423461931,Stable,1637.6006689348062,Very tough,,,Not yet exported by production model
NC State,NCSU,Wolfpack,ACC,https://cdn.collegefootballdata.com/logos/500/152.png,#cc0000,0-1,0,1,1,1511.0598676959014,68.0,-34.021490234151315,8.0,34.0,-21.019858783174975,-6.956039207501309,Building sample,1604.2440014456408,Building sample,,,Not yet exported by production model
Louisiana,UL,Ragin' Cajuns,Sun Belt,https://cdn.collegefootballdata.com/logos/500/309.png,#ce181e,1-0,1,0,1,1509.6037116062794,69.0,12.28884244513415,38.0,7.0,22.150742091236005,6.1521276450657085,Building sample,,Building sample,,,Not yet exported by production model
Georgia Southern,GASO,Eagles,Sun Belt,https://cdn.collegefootballdata.com/logos/500/290.png,#041e42,1-0,1,0,1,1506.4602709441651,70.0,12.027089701706927,31.0,0.0,14.827293145291687,4.3081777714082685,Building sample,,Building sample,,,Not yet exported by production model
Texas State,TXST,Bobcats,Pac-12,https://cdn.collegefootballdata.com/logos/500/326.png,#501214,0-1,0,1,1,1505.9141167852154,71.0,-29.21770513111801,7.0,59.0,-41.297893011528686,-11.785358509438073,Building sample,1666.515321677154,Building sample,,,Not yet exported by production model
Fresno State,FRES,Bulldogs,Pac-12,https://cdn.collegefootballdata.com/logos/500/278.png,#c41230,0-1,0,1,1,1504.151209411583,72.0,-29.079112958059113,0.0,39.0,-33.36677648952952,-9.795649770285335,Building sample,1649.5393303781975,Building sample,,,Not yet exported by production model
Washington State,WSU,Cougars,Pac-12,https://cdn.collegefootballdata.com/logos/500/265.png,#a60f2d,0-1,0,1,1,1503.5186422185911,73.0,-24.824141684389588,10.0,24.0,-5.150920194034626,-2.528937132728136,Building sample,1606.424628129874,Building sample,,,Not yet exported by production model
Auburn,AUB,Tigers,SEC,https://cdn.collegefootballdata.com/logos/500/2.png,#0c2340,1-0,1,0,1,1499.484299630115,74.0,14.809102808825855,17.0,16.0,-11.382383281408146,-2.1051406799107437,Building sample,1465.4442234492535,Building sample,,,Not yet exported by production model
UCLA,UCLA,Bruins,Big Ten,https://cdn.collegefootballdata.com/logos/500/26.png,#2774ae,1-0,1,0,1,1498.4914925930905,75.0,57.461500776652656,45.0,24.0,34.6605889441227,11.538222274863308,Building sample,1416.0536047587236,Building sample,,,Not yet exported by production model
Kentucky,UK,Wildcats,SEC,https://cdn.collegefootballdata.com/logos/500/96.png,#0033a0,1-0,1,0,1,1495.942347413441,76.0,12.699205743880611,45.0,13.0,28.80335622087521,7.835799342412833,Building sample,,Building sample,,,Not yet exported by production model
Kansas,KU,Jayhawks,Big 12,https://cdn.collegefootballdata.com/logos/500/2305.png,#0051ba,1-0,1,0,1,1491.324831437856,77.0,13.64592224491139,51.0,6.0,32.57587713418363,8.826265395791477,Building sample,,Building sample,,,Not yet exported by production model
Delaware,DEL,Blue Hens,Conference USA,https://cdn.collegefootballdata.com/logos/500/48.png,#00539f,1-0,1,0,1,1489.5434894024193,78.0,12.376402683091328,42.0,7.0,19.16275311082982,5.409508411862021,Building sample,,Building sample,,,Not yet exported by production model
West Virginia,WVU,Mountaineers,Big 12,https://cdn.collegefootballdata.com/logos/500/277.png,#eaaa00,1-0,1,0,1,1484.7981788276638,79.0,24.225634856245733,31.0,24.0,-0.6782221126050976,1.0417262146610122,Building sample,1441.403696904315,Building sample,,,Not yet exported by production model
Florida International,FIU,Panthers,Conference USA,https://cdn.collegefootballdata.com/logos/500/2229.png,#091f3f,0-1,0,1,1,1482.326850841506,80.0,-19.58291445973373,9.0,19.0,3.1214144273543045,-0.19879211614811032,Building sample,1600.9149060683244,Building sample,,,Not yet exported by production model
Mississippi State,MSST,Bulldogs,SEC,https://cdn.collegefootballdata.com/logos/500/344.png,#5d1725,1-0,1,0,1,1476.8443120898185,81.0,30.750977460857484,62.0,13.0,36.270571294924444,10.605191696773986,Building sample,1327.4914765013743,Building sample,,,Not yet exported by production model
Michigan State,MSU,Spartans,Big Ten,https://cdn.collegefootballdata.com/logos/500/127.png,#173f35,1-0,1,0,1,1474.5641971221996,82.0,40.884707473192066,30.0,20.0,15.22142563638534,5.8495917827559385,Building sample,1526.3409878225737,Building sample,,,Not yet exported by production model
Miami (OH),M-OH,RedHawks,Mid-American,https://cdn.collegefootballdata.com/logos/500/193.png,#c41230,0-1,0,1,1,1474.4533089192437,83.0,-36.65004250629613,14.0,59.0,-35.620749418661866,-10.737689479980274,Building sample,1590.910518956548,Building sample,,,Not yet exported by production model
Nevada,NEV,Wolf Pack,Mountain West,https://cdn.collegefootballdata.com/logos/500/2440.png,#041e42,1-0,1,0,1,1474.1908156654058,84.0,57.046892898433725,49.0,14.0,32.77216109077429,11.045384917615259,Building sample,1460.731637303172,Building sample,,,Not yet exported by production model
North Carolina,UNC,Tar Heels,ACC,https://cdn.collegefootballdata.com/logos/500/153.png,#7bafd4,1-0,1,0,1,1472.8270752994415,85.0,35.128540189986325,15.0,10.0,22.2203379387702,7.311511494191866,Building sample,1546.7519798112687,Building sample,,,Not yet exported by production model
UCF,UCF,Knights,Big 12,https://cdn.collegefootballdata.com/logos/500/2116.png,#000000,1-0,1,0,1,1471.3066397908835,86.0,13.60852658664362,73.0,6.0,54.55998064080594,14.320421489533667,Building sample,,Building sample,,,Not yet exported by production model
Air Force,AF,Falcons,Mountain West,https://cdn.collegefootballdata.com/logos/500/2005.png,#003594,1-0,1,0,1,1470.3505244212342,87.0,13.380211844368887,34.0,0.0,14.100631961901502,4.19416858269382,Building sample,,Building sample,,,Not yet exported by production model
Florida State,FSU,Seminoles,ACC,https://cdn.collegefootballdata.com/logos/500/52.png,#782f40,1-1,1,1,2,1469.6144787585583,88.0,8.564328996036238,29.0,22.0,0.46186884679302587,0.5436836615000684,Stable,1514.3310703911375,Average,,,Not yet exported by production model
Marshall,MRSH,Thundering Herd,Sun Belt,https://cdn.collegefootballdata.com/logos/500/276.png,#00b140,0-1,0,1,1,1467.5779881294177,89.0,-29.77119133205747,0.0,45.0,-29.69502526641938,-8.912315883207718,Building sample,1617.3436917982244,Building sample,,,Not yet exported by production model
Sacramento State,SAC,Hornets,Mid-American,https://cdn.collegefootballdata.com/logos/500/16.png,#00573c,1-1,1,1,2,1467.08209342369,90.0,-19.503609446206383,34.5,14.0,24.416901397552767,5.129044877077873,Surging,1430.132003939019,Very soft,,,Not yet exported by production model
Baylor,BAY,Bears,Big 12,https://cdn.collegefootballdata.com/logos/500/239.png,#154734,0-1,0,1,1,1465.4442234492535,91.0,-14.809102808825855,16.0,17.0,11.382383281408146,2.1051406799107437,Building sample,1499.484299630115,Building sample,,,Not yet exported by production model
South Alabama,USA,Jaguars,Sun Belt,https://cdn.collegefootballdata.com/logos/500/6.png,#00205b,1-0,1,0,1,1464.4979621354546,92.0,13.92458501447777,39.0,14.0,10.71808200334167,3.3757497515593062,Building sample,,Building sample,,,Not yet exported by production model
Utah State,USU,Aggies,Pac-12,https://cdn.collegefootballdata.com/logos/500/328.png,#0f2439,0-1,0,1,1,1462.0753117543954,93.0,-23.12956594453226,17.0,29.0,-26.481239231996486,-7.776788105225735,Building sample,,Building sample,,,Not yet exported by production model
Colorado,COLO,Buffaloes,Big 12,https://cdn.collegefootballdata.com/logos/500/38.png,#cfb87c,1-0,1,0,1,1461.9999472470438,94.0,21.981480854588654,14.0,13.0,14.37668626246188,4.693245608344903,Building sample,1518.2220960427098,Building sample,,,Not yet exported by production model
Western Kentucky,WKU,Hilltoppers,Conference USA,https://cdn.collegefootballdata.com/logos/500/98.png,#c60c30,0-1,0,1,1,1460.731637303172,95.0,-57.046892898433725,14.0,49.0,-32.77216109077429,-11.045384917615259,Building sample,1474.1908156654058,Building sample,,,Not yet exported by production model
Southern Miss,USM,Golden Eagles,Sun Belt,https://cdn.collegefootballdata.com/logos/500/2572.png,#ffc72c,1-0,1,0,1,1458.358405772854,96.0,14.43097056995407,49.0,3.0,33.01383854114637,8.975008163784295,Building sample,,Building sample,,,Not yet exported by production model
Arkansas State,ARST,Red Wolves,Sun Belt,https://cdn.collegefootballdata.com/logos/500/2032.png,#cc092f,0-1,0,1,1,1457.7234579804974,97.0,-22.967758889134984,24.0,42.0,-7.1533153288925675,-2.936716776679891,Building sample,1593.195214576133,Building sample,,,Not yet exported by production model
App State,APP,Mountaineers,Sun Belt,https://cdn.collegefootballdata.com/logos/500/2026.png,#000000,1-0,1,0,1,1457.3286519056123,98.0,14.417599479922046,55.0,3.0,40.428624226267154,10.82803603056289,Building sample,,Building sample,,,Not yet exported by production model
Hawai'i,HAW,Rainbow Warriors,Mountain West,https://cdn.collegefootballdata.com/logos/500/62.png,#024731,0-2,0,2,2,1456.273677301708,99.0,-83.03324214179247,16.5,29.0,-12.546641542988738,-7.288322492836808,Struggling,1514.4841087390325,Average,,,Not yet exported by production model
Wisconsin,WIS,Badgers,Big Ten,https://cdn.collegefootballdata.com/logos/500/275.png,#a00000,0-1,0,1,1,1453.788383076508,100.0,-20.171808958173642,13.0,41.0,-5.135462894455639,-2.2924561715225917,Building sample,1714.3346999478958,Building sample,,,Not yet exported by production model
Missouri State,MOST,Bears,Conference USA,https://cdn.collegefootballdata.com/logos/500/2623.png,#5e0009,0-1,0,1,1,1451.4597308110424,101.0,-22.072237710441414,0.0,50.0,-35.495928741659,-9.97759407093682,Building sample,1653.9543744575,Building sample,,,Not yet exported by production model
Stanford,STAN,Cardinal,ACC,https://cdn.collegefootballdata.com/logos/500/24.png,#8c1515,1-1,1,1,2,1449.4263501618034,102.0,-0.9270744721009123,21.5,36.0,-14.623762757287317,-3.7022944129268747,Struggling,1578.445113301178,Tough,,,Not yet exported by production model
Temple,TEM,Owls,American Athletic,https://cdn.collegefootballdata.com/logos/500/218.png,#a41e35,1-0,1,0,1,1448.70025728703,103.0,15.04171718066982,38.0,14.0,14.95396310408018,4.490576635053536,Building sample,,Building sample,,,Not yet exported by production model
Buffalo,BUF,Bulls,Mid-American,https://cdn.collegefootballdata.com/logos/500/2084.png,#005bbb,1-0,1,0,1,1447.7049127738762,104.0,13.29537643265212,21.0,17.0,-6.251405110173216,-0.8980824559106981,Building sample,,Building sample,,,Not yet exported by production model
Central Michigan,CMU,Chippewas,Mid-American,https://cdn.collegefootballdata.com/logos/500/2117.png,#6a0032,0-1,0,1,1,1447.32297207173,105.0,-28.015158279234356,7.0,38.0,-20.025385644603467,-6.407104325112584,Building sample,1585.046353288679,Building sample,,,Not yet exported by production model
Liberty,LIB,Flames,Conference USA,https://cdn.collegefootballdata.com/logos/500/2335.png,#0a254e,0-1,0,1,1,1445.9725012455792,106.0,-9.201080540548446,13.0,20.0,14.349000084933738,3.127195994206012,Building sample,1669.458929066236,Building sample,,,Not yet exported by production model
Arkansas,ARK,Razorbacks,SEC,https://cdn.collegefootballdata.com/logos/500/8.png,#a32136,1-0,1,0,1,1445.268011811063,107.0,15.548769764674034,31.0,14.0,5.3345568299103565,2.111077695711291,Building sample,,Building sample,,,Not yet exported by production model
Maryland,MD,Terrapins,Big Ten,https://cdn.collegefootballdata.com/logos/500/120.png,#ce1126,1-0,1,0,1,1442.0130540570424,108.0,16.00251497041404,62.0,0.0,55.446639390832026,14.66178559622871,Building sample,,Building sample,,,Not yet exported by production model
Coastal Carolina,CCU,Chanticleers,Sun Belt,https://cdn.collegefootballdata.com/logos/500/324.png,#006f71,0-1,0,1,1,1441.403696904315,109.0,-24.225634856245733,24.0,31.0,0.6782221126050976,-1.0417262146610122,Building sample,1484.7981788276638,Building sample,,,Not yet exported by production model
Virginia Tech,VT,Hokies,ACC,https://cdn.collegefootballdata.com/logos/500/259.png,#861f41,1-0,1,0,1,1438.794906270535,110.0,15.782667760004415,73.0,3.0,58.45384947122513,15.402595755806503,Building sample,,Building sample,,,Not yet exported by production model
Rice,RICE,Owls,American Athletic,https://cdn.collegefootballdata.com/logos/500/242.png,#00205b,1-0,1,0,1,1434.4553748365945,111.0,15.875986571982821,31.0,3.0,20.513863150494018,5.922265116222645,Building sample,,Building sample,,,Not yet exported by production model
Eastern Michigan,EMU,Eagles,Mid-American,https://cdn.collegefootballdata.com/logos/500/2199.png,#046a38,1-1,1,1,2,1430.132003939019,112.0,-4.528683839666201,24.5,22.0,-12.485554551243663,-3.3478228297942256,Struggling,1444.594975619673,Soft,,,Not yet exported by production model
Rutgers,RUTG,Scarlet Knights,Big Ten,https://cdn.collegefootballdata.com/logos/500/164.png,#ce0e2d,0-1,0,1,1,1424.8744481897631,113.0,-63.101533340952074,21.0,37.0,-40.16831702168694,-13.197155922469339,Building sample,1338.9024738272756,Building sample,,,Not yet exported by production model
San José State,SJSU,Spartans,Mountain West,https://cdn.collegefootballdata.com/logos/500/23.png,#0055a2,1-1,1,1,2,1422.1078578156562,114.0,26.959222649901676,26.5,31.5,16.35214062248248,5.435996288115704,Surging,1539.8356671586082,Tough,,,Not yet exported by production model
Colorado State,CSU,Rams,Pac-12,https://cdn.collegefootballdata.com/logos/500/36.png,#1e4d2b,1-0,1,0,1,1421.1461486065318,115.0,42.34590271384377,35.0,13.0,17.854239774291088,6.5808550792649605,Building sample,1381.0765841979517,Building sample,,,Not yet exported by production model
Syracuse,SYR,Orange,ACC,https://cdn.collegefootballdata.com/logos/500/183.png,#f76900,1-0,1,0,1,1419.3524104698304,116.0,16.405357902773176,66.0,3.0,63.391139018782845,16.66805264983437,Building sample,,Building sample,,,Not yet exported by production model
California,CAL,Golden Bears,ACC,https://cdn.collegefootballdata.com/logos/500/25.png,#041e42,0-1,0,1,1,1416.0536047587236,117.0,-57.46150077665288,24.0,45.0,-34.6605889441227,-11.538222274863319,Building sample,1498.4914925930905,Building sample,,,Not yet exported by production model
Tulsa,TLSA,Golden Hurricane,American Athletic,https://cdn.collegefootballdata.com/logos/500/202.png,#003595,1-0,1,0,1,1415.8005863643984,118.0,26.26761028588544,24.0,10.0,3.419121669569698,2.1681609316866965,Building sample,1323.2213613317597,Building sample,,,Not yet exported by production model
Purdue,PUR,Boilermakers,Big Ten,https://cdn.collegefootballdata.com/logos/500/2509.png,#ceb888,1-0,1,0,1,1412.262946778658,119.0,16.59930753032313,44.0,19.0,19.07999222707656,5.599963433285296,Building sample,,Building sample,,,Not yet exported by production model
Middle Tennessee,MTSU,Blue Raiders,Conference USA,https://cdn.collegefootballdata.com/logos/500/2393.png,#036eb7,1-0,1,0,1,1410.0150135424594,120.0,15.901078641390995,38.0,14.0,7.3748626074965635,2.6387695839436907,Building sample,,Building sample,,,Not yet exported by production model
Boston College,BC,Eagles,ACC,https://cdn.collegefootballdata.com/logos/500/103.png,#8c2232,0-1,0,1,1,1402.86103970828,121.0,-24.933052496703567,15.0,34.0,-10.763069572488327,-3.93742001795726,Building sample,1527.9312666571054,Building sample,,,Not yet exported by production model
Bowling Green,BGSU,Falcons,Mid-American,https://cdn.collegefootballdata.com/logos/500/189.png,#fd5000,0-1,0,1,1,1397.8775264467567,122.0,-18.219675023777427,13.0,20.0,-11.657035026748169,-3.8252425078759136,Building sample,,Building sample,,,Not yet exported by production model
Akron,AKR,Zips,Mid-American,https://cdn.collegefootballdata.com/logos/500/2006.png,#041e42,0-1,0,1,1,1397.2931038933596,123.0,-22.71654955616964,16.0,38.0,-9.538724843462006,-3.5205086886739836,Building sample,1548.2443996568095,Building sample,,,Not yet exported by production model
UAB,UAB,Blazers,American Athletic,https://cdn.collegefootballdata.com/logos/500/5.png,#1a5632,0-1,0,1,1,1395.6840502683667,124.0,-18.16035154160477,23.0,42.0,-4.155190091464522,-1.946815099946369,Building sample,1574.7830034194762,Building sample,,,Not yet exported by production model
New Mexico State,NMSU,Aggies,Conference USA,https://cdn.collegefootballdata.com/logos/500/166.png,#8c0b42,1-1,1,1,2,1390.4787430020644,125.0,-7.130656857524173,34.0,24.0,15.354969633556719,3.4822095655129712,Surging,1469.6144787585583,Soft,,,Not yet exported by production model
Northern Illinois,NIU,Huskies,Mountain West,https://cdn.collegefootballdata.com/logos/500/2459.png,#c8102e,0-1,0,1,1,1389.5657847376483,126.0,-15.894798847078619,0.0,40.0,-21.514562850298717,-6.17338065492861,Building sample,1632.8085957398644,Building sample,,,Not yet exported by production model
Florida Atlantic,FAU,Owls,American Athletic,https://cdn.collegefootballdata.com/logos/500/2226.png,#003366,0-1,0,1,1,1383.914886049812,127.0,-32.190867407698306,21.0,66.0,-29.6931433722889,-9.032829213457141,Building sample,1521.2253206157222,Building sample,,,Not yet exported by production model
Wyoming,WYO,Cowboys,Mountain West,https://cdn.collegefootballdata.com/logos/500/2751.png,#492f24,0-1,0,1,1,1381.0765841979517,128.0,-42.34590271384377,13.0,35.0,-17.854239774291088,-6.5808550792649605,Building sample,1421.1461486065318,Building sample,,,Not yet exported by production model
Kent State,KENT,Golden Flashes,Mid-American,https://cdn.collegefootballdata.com/logos/500/2309.png,#002664,0-1,0,1,1,1378.4805122428695,129.0,-32.5924411543906,0.0,57.0,-42.754440753022074,-12.318232245975048,Building sample,1526.9127993667614,Building sample,,,Not yet exported by production model
Ball State,BALL,Cardinals,Mid-American,https://cdn.collegefootballdata.com/logos/500/2050.png,#ba0c2f,0-1,0,1,1,1377.8240149624394,130.0,-9.541478025116021,3.0,56.0,-26.428055366966547,-7.084087742997438,Building sample,1715.5134452879545,Building sample,,,Not yet exported by production model
Sam Houston,SHSU,Bearkats,Conference USA,https://cdn.collegefootballdata.com/logos/500/2534.png,#f56423,0-1,0,1,1,1368.4562593564751,131.0,-8.710962273829864,21.0,24.0,13.533264025277518,2.947767892627886,Building sample,1521.2872463220497,Building sample,,,Not yet exported by production model
Georgia State,GAST,Panthers,Sun Belt,https://cdn.collegefootballdata.com/logos/500/2247.png,#0039a6,1-0,1,0,1,1361.3607786708822,132.0,19.040476232209585,59.0,10.0,39.401173466132974,10.802317178143722,Building sample,,Building sample,,,Not yet exported by production model
UTEP,UTEP,Miners,Mountain West,https://cdn.collegefootballdata.com/logos/500/2638.png,#ff8200,0-1,0,1,1,1354.7115045358778,133.0,-14.662782268398587,0.0,51.0,-28.3246320392657,-7.814297123236354,Building sample,1622.4858108032477,Building sample,,,Not yet exported by production model
Oregon State,ORST,Beavers,Pac-12,https://cdn.collegefootballdata.com/logos/500/204.png,#dc4405,0-1,0,1,1,1354.234153286215,134.0,-13.426800559934918,20.0,33.0,4.480832658245408,0.4488681365646061,Building sample,1559.0117102145005,Building sample,,,Not yet exported by production model
Massachusetts,MASS,Minutemen,Mid-American,https://cdn.collegefootballdata.com/logos/500/113.png,#881c1c,1-0,1,0,1,1338.9024738272756,135.0,63.101533340952074,37.0,21.0,40.16831702168694,13.197155922469339,Building sample,1424.8744481897631,Building sample,,,Not yet exported by production model
UL Monroe,ULM,Warhawks,Sun Belt,https://cdn.collegefootballdata.com/logos/500/2433.png,#840029,0-1,0,1,1,1327.4914765013743,136.0,-30.750977460857484,13.0,62.0,-36.270571294924444,-10.605191696773986,Building sample,1476.8443120898185,Building sample,,,Not yet exported by production model
Charlotte,CLT,49ers,American Athletic,https://cdn.collegefootballdata.com/logos/500/2429.png,#005035,0-1,0,1,1,1327.457455958824,137.0,-8.788497397525134,41.0,43.0,-7.328451102650405,-2.271537645538858,Building sample,,Building sample,,,Not yet exported by production model
Oklahoma State,OKST,Cowboys,Big 12,https://cdn.collegefootballdata.com/logos/500/197.png,#fe5c00,0-1,0,1,1,1323.2213613317597,138.0,-26.26761028588544,10.0,24.0,-3.419121669569698,-2.1681609316866965,Building sample,1415.8005863643984,Building sample,,,Not yet exported by production model
