bet_number,bet_type,game_id,week,start_date,away_team,home_team,selection,result,stake,profit_loss,model_probability,market_odds,source_model,market_line,cumulative_profit_loss
1,Moneyline,401858214,2,2026-09-11 23:30:00+00:00,Rutgers,Boston College,Boston College,WIN,100.0,57.14285714285714,0.7029038002077528,1.5714285714285714,V3,,57.14285714285714
2,Spread,401858214,2,2026-09-11 23:30:00+00:00,Rutgers,Boston College,Boston College,WIN,100.0,100.0,0.7029038002077528,2.0,V3,-3.5,100.0
3,Moneyline,401856679,2,2026-09-12 16:00:00+00:00,Oklahoma,Michigan,Oklahoma,LOSS,100.0,-100.0,0.6357745912072488,1.4878048780487805,V3,,-42.85714285714286
4,Spread,401856679,2,2026-09-12 16:00:00+00:00,Oklahoma,Michigan,Michigan,WIN,100.0,100.0,0.6357745912072488,2.0,V3,4.5,200.0
5,Moneyline,401856683,2,2026-09-12 16:00:00+00:00,Arizona State,Texas A&M,Texas A&M,WIN,100.0,15.384615384615374,0.7880081698018633,1.1538461538461537,V3,,-27.47252747252749
6,Spread,401856683,2,2026-09-12 16:00:00+00:00,Arizona State,Texas A&M,Texas A&M,WIN,100.0,100.0,0.7880081698018633,2.0,V3,-14.5,300.0
7,Moneyline,401856781,2,2026-09-12 16:00:00+00:00,Washington State,Kansas State,Kansas State,WIN,100.0,10.000000000000009,0.8784694800187421,1.1,V3,,-17.472527472527478
8,Spread,401856781,2,2026-09-12 16:00:00+00:00,Washington State,Kansas State,Kansas State,WIN,100.0,100.0,0.8784694800187421,2.0,V3,-16.5,400.0
9,Moneyline,401856782,2,2026-09-12 16:00:00+00:00,Oregon,Oklahoma State,Oregon,LOSS,100.0,-100.0,0.8820061121265999,1.0476190476190477,V3,,-117.47252747252747
10,Spread,401856782,2,2026-09-12 16:00:00+00:00,Oregon,Oklahoma State,Oklahoma State,WIN,100.0,100.0,0.8820061121265999,2.0,V3,22.5,500.0
11,Moneyline,401858221,2,2026-09-12 16:00:00+00:00,Old Dominion,Virginia Tech,Virginia Tech,WIN,100.0,15.999999999999993,0.6497360724702477,1.16,V3,,-101.47252747252747
12,Spread,401858221,2,2026-09-12 16:00:00+00:00,Old Dominion,Virginia Tech,Old Dominion,LOSS,100.0,-100.0,0.6497360724702477,2.0,V3,-14.5,400.0
13,Moneyline,401858224,2,2026-09-12 16:00:00+00:00,Wake Forest,Purdue,Wake Forest,WIN,100.0,64.51612903225805,0.5865334450266839,1.6451612903225805,V3,,-36.956398440269425
14,Spread,401858224,2,2026-09-12 16:00:00+00:00,Wake Forest,Purdue,Purdue,WIN,100.0,100.0,0.5865334450266839,2.0,V3,3.5,500.0
15,Moneyline,401858442,2,2026-09-12 16:00:00+00:00,Penn State,Temple,Penn State,WIN,100.0,4.761904761904767,0.7265027945991428,1.0476190476190477,V3,,-32.19449367836466
16,Spread,401858442,2,2026-09-12 16:00:00+00:00,Penn State,Temple,Temple,WIN,100.0,100.0,0.7265027945991428,2.0,V3,21.5,600.0
17,Moneyline,401862702,2,2026-09-12 16:00:00+00:00,South Florida,Army,Army,LOSS,100.0,-100.0,0.7886458274665993,1.847457627118644,V3,,-132.19449367836467
18,Spread,401862702,2,2026-09-12 16:00:00+00:00,South Florida,Army,Army,LOSS,100.0,-100.0,0.7886458274665993,2.0,V3,-1.5,500.0
19,Moneyline,401856674,2,2026-09-12 19:30:00+00:00,Alabama,Kentucky,Alabama,WIN,100.0,24.390243902439025,0.5585683823793999,1.2439024390243902,V3,,-107.80424977592564
20,Spread,401856674,2,2026-09-12 19:30:00+00:00,Alabama,Kentucky,Kentucky,LOSS,100.0,-100.0,0.5585683823793999,2.0,V3,10.5,400.0
21,Moneyline,401856790,2,2026-09-12 19:30:00+00:00,UCF,Pittsburgh,Pittsburgh,WIN,100.0,28.169014084507047,0.5926101827474083,1.2816901408450705,V3,,-79.63523569141859
22,Spread,401856790,2,2026-09-12 19:30:00+00:00,UCF,Pittsburgh,UCF,WIN,100.0,100.0,0.5926101827474083,2.0,V3,-8.5,500.0
23,Moneyline,401856810,2,2026-09-12 19:30:00+00:00,Arizona,BYU,BYU,WIN,100.0,33.55704697986577,0.6979698704323932,1.3355704697986577,V3,,-46.078188711552826
24,Spread,401856810,2,2026-09-12 19:30:00+00:00,Arizona,BYU,BYU,WIN,100.0,100.0,0.6979698704323932,2.0,V3,-7.0,600.0
25,Moneyline,401858217,2,2026-09-12 19:30:00+00:00,Duke,Illinois,Illinois,LOSS,100.0,-100.0,0.5677588012462509,1.2941176470588236,V3,,-146.07818871155283
26,Spread,401858217,2,2026-09-12 19:30:00+00:00,Duke,Illinois,Duke,WIN,100.0,100.0,0.5677588012462509,2.0,V3,-7.5,700.0
27,Moneyline,401858440,2,2026-09-12 19:30:00+00:00,Eastern Michigan,Michigan State,Michigan State,WIN,100.0,11.111111111111116,0.6938832088601221,1.1111111111111112,V3,,-134.9670776004417
28,Spread,401858440,2,2026-09-12 19:30:00+00:00,Eastern Michigan,Michigan State,Eastern Michigan,LOSS,100.0,-100.0,0.6938832088601221,2.0,V3,-16.5,600.0
29,Moneyline,401858446,2,2026-09-12 19:30:00+00:00,Utah State,Washington,Washington,WIN,100.0,4.166666666666674,0.8182964221450788,1.0416666666666667,V3,,-130.80041093377503
30,Spread,401858446,2,2026-09-12 19:30:00+00:00,Utah State,Washington,Utah State,WIN,100.0,100.0,0.8182964221450788,2.0,V3,-24.5,700.0
31,Moneyline,401860884,2,2026-09-12 19:30:00+00:00,UTSA,Texas State,UTSA,WIN,100.0,98.03921568627452,0.7811729403091787,1.9803921568627452,V3,,-32.761195247500524
32,Spread,401860884,2,2026-09-12 19:30:00+00:00,UTSA,Texas State,UTSA,WIN,100.0,100.0,0.7811729403091787,2.0,V3,-1.5,800.0
33,Moneyline,401862708,2,2026-09-12 19:30:00+00:00,UL Monroe,UAB,UAB,WIN,100.0,34.48275862068966,0.8601003879940178,1.3448275862068966,V3,,1.7215633731891344
34,Spread,401862708,2,2026-09-12 19:30:00+00:00,UL Monroe,UAB,UAB,LOSS,100.0,-100.0,0.8601003879940178,2.0,V3,-7.5,700.0
35,Moneyline,401856684,2,2026-09-12 20:15:00+00:00,Delaware,Vanderbilt,Vanderbilt,WIN,100.0,5.555555555555558,0.6873012817905864,1.0555555555555556,V3,,7.2771189287446925
36,Spread,401856684,2,2026-09-12 20:15:00+00:00,Delaware,Vanderbilt,Delaware,WIN,100.0,100.0,0.6873012817905864,2.0,V3,-21.5,800.0
37,Moneyline,401856681,2,2026-09-12 23:00:00+00:00,Tennessee,Georgia Tech,Tennessee,WIN,100.0,17.391304347826075,0.6746729900210817,1.1739130434782608,V3,,24.668423276570767
38,Spread,401856681,2,2026-09-12 23:00:00+00:00,Tennessee,Georgia Tech,Georgia Tech,LOSS,100.0,-100.0,0.6746729900210817,2.0,V3,13.5,700.0
39,Moneyline,401858441,2,2026-09-12 23:00:00+00:00,Bowling Green,Nebraska,Nebraska,WIN,100.0,2.2222222222222143,0.8525325473713499,1.0222222222222221,V3,,26.89064549879298
40,Spread,401858441,2,2026-09-12 23:00:00+00:00,Bowling Green,Nebraska,Bowling Green,LOSS,100.0,-100.0,0.8525325473713499,2.0,V3,-25.5,600.0
41,Moneyline,401862707,2,2026-09-12 23:00:00+00:00,Tulsa,Sam Houston,Tulsa,WIN,100.0,23.529411764705888,0.5912675579586121,1.2352941176470589,V3,,50.42005726349887
42,Spread,401862707,2,2026-09-12 23:00:00+00:00,Tulsa,Sam Houston,Sam Houston,WIN,100.0,100.0,0.5912675579586121,2.0,V3,10.5,700.0
43,Moneyline,401864575,2,2026-09-12 23:00:00+00:00,South Alabama,Tulane,Tulane,WIN,100.0,26.315789473684205,0.5723843367094189,1.263157894736842,V3,,76.73584673718307
44,Spread,401864575,2,2026-09-12 23:00:00+00:00,South Alabama,Tulane,South Alabama,WIN,100.0,100.0,0.5723843367094189,2.0,V3,-10.0,800.0
45,Moneyline,401858443,2,2026-09-12 23:15:00+00:00,San Diego State,UCLA,UCLA,WIN,100.0,27.777777777777768,0.5666536911372182,1.2777777777777777,V3,,104.51362451496084
46,Spread,401858443,2,2026-09-12 23:15:00+00:00,San Diego State,UCLA,San Diego State,LOSS,100.0,-100.0,0.5666536911372182,2.0,V3,-10.0,700.0
47,Moneyline,401856682,2,2026-09-12 23:30:00+00:00,Ohio State,Texas,Ohio State,LOSS,100.0,-100.0,0.5523596804894875,1.9523809523809523,V3,,4.5136245149608385
48,Spread,401856682,2,2026-09-12 23:30:00+00:00,Ohio State,Texas,Ohio State,WIN,100.0,100.0,0.5523596804894875,2.0,V3,-1.5,800.0
49,Moneyline,401856783,2,2026-09-12 23:30:00+00:00,Texas Tech,Oregon State,Texas Tech,WIN,100.0,2.0000000000000018,0.9006738898488704,1.02,V3,,6.51362451496084
50,Spread,401856783,2,2026-09-12 23:30:00+00:00,Texas Tech,Oregon State,Oregon State,WIN,100.0,100.0,0.9006738898488704,2.0,V3,27.5,900.0
51,Moneyline,401856788,2,2026-09-12 23:30:00+00:00,Iowa State,Iowa,Iowa,WIN,100.0,14.28571428571428,0.7619358235390739,1.1428571428571428,V3,,20.79933880067512
52,Spread,401856788,2,2026-09-12 23:30:00+00:00,Iowa State,Iowa,Iowa State,WIN,100.0,100.0,0.7619358235390739,2.0,V3,-14.5,1000.0
53,Moneyline,401856670,2,2026-09-13 02:15:00+00:00,Arkansas,Utah,Utah,WIN,100.0,20.618556701030922,0.8972118889243337,1.2061855670103092,V3,,41.41789550170604
54,Spread,401856670,2,2026-09-13 02:15:00+00:00,Arkansas,Utah,Utah,WIN,100.0,100.0,0.8972118889243337,2.0,V3,-11.5,1100.0
55,Moneyline,401858445,2,2026-09-13 03:00:00+00:00,Louisiana,USC,USC,WIN,100.0,1.2499999999999956,0.7807399195377837,1.0125,V3,,42.667895501706035
56,Spread,401858445,2,2026-09-13 03:00:00+00:00,Louisiana,USC,Louisiana,WIN,100.0,100.0,0.7807399195377837,2.0,V3,-28.5,1200.0
57,Moneyline,401864578,2,2026-09-13 03:59:00+00:00,New Mexico State,Hawai'i,Hawai'i,WIN,100.0,25.31645569620253,0.5971999386999488,1.2531645569620253,V3,,67.98435119790857
58,Spread,401864578,2,2026-09-13 03:59:00+00:00,New Mexico State,Hawai'i,New Mexico State,WIN,100.0,100.0,0.5971999386999488,2.0,V3,-11.5,1300.0
59,Moneyline,401856685,3,2026-09-19 19:30:00+00:00,Florida State,Alabama,Alabama,WIN,100.0,16.666666666666675,0.9304597254363678,1.1666666666666667,V3,,84.65101786457524
60,Spread,401856685,3,2026-09-19 19:30:00+00:00,Florida State,Alabama,Alabama,LOSS,100.0,-100.0,0.9304597254363678,2.0,V3,-15.5,1200.0
61,Moneyline,401858230,3,2026-09-19 19:30:00+00:00,SMU,Louisville,Louisville,WIN,100.0,86.95652173913042,0.5082319697915527,1.8695652173913042,V3,,171.60753960370567
62,Spread,401858230,3,2026-09-19 19:30:00+00:00,SMU,Louisville,SMU,LOSS,100.0,-100.0,0.5082319697915527,2.0,V3,-1.5,1100.0
63,Moneyline,401856687,3,2026-09-19 23:00:00+00:00,Florida,Auburn,Auburn,LOSS,100.0,-100.0,0.6673919259617789,1.925925925925926,V3,,71.60753960370567
64,Spread,401856687,3,2026-09-19 23:00:00+00:00,Florida,Auburn,Auburn,LOSS,100.0,-100.0,0.6673919259617789,2.0,V3,1.5,1000.0
