team,conference,classification,logo_url,color,abbreviation,current_elo,offensive_rating,defensive_rating,success_rate,explosive_rate,points_per_drive,drives_per_game,avg_start_field_position,third_down_rate,def_success_rate,explosives_allowed_rate,def_epa_per_play,points_for_per_game,points_against_per_game,schedule_strength_elo,games_played,momentum_label,model_rank
Abilene Christian,UAC,fcs,https://cdn.collegefootballdata.com/logos/500/2000.png,#592d82,ACU,1481.0305609591144,85.67628504397403,88.49544854191345,0.3867019886063872,0.05088652750308108,1.5198419964874441,10.756625379167737,26.89422086160584,0.46131030007921225,0.43101761469279337,0.10492424324255493,0.13135643556103493,10.0,33.0,106.75949734773728,1,Current-season V3 state,
Air Force,Mountain West,fbs,https://cdn.collegefootballdata.com/logos/500/2005.png,#003594,AF,1457.965430162672,113.03574579311825,107.56063016318686,0.41323353750327463,0.05602648337748602,2.783180780478922,9.720022003608777,28.22668758604018,0.51112096842673,0.3738535712357419,0.07165971740959322,0.0822731144344461,33.0,19.0,104.89785842141441,2,Current-season V3 state,102.0
Akron,Mid-American,fbs,https://cdn.collegefootballdata.com/logos/500/2006.png,#041e42,AKR,1414.0158940138715,91.21188422884457,99.7644506524586,0.4293566115640637,0.05107952928846436,1.8706272272685744,11.90551201669573,27.517902422134114,0.39104218848486005,0.4163085361529998,0.09487929629555827,0.32265409003605017,22.666666666666668,29.666666666666668,101.63492890192404,3,Current-season V3 state,123.0
Alabama,SEC,fbs,https://cdn.collegefootballdata.com/logos/500/333.png,#9e1b32,ALA,1648.332777659083,120.06360736456396,122.83349149444508,0.47837206147556766,0.09828252510284799,3.241673847765851,11.552887910172824,33.14278270329186,0.4406428130868593,0.3589164365430517,0.07297868362315064,-0.08288347257053404,47.666666666666664,21.0,109.58544378635811,3,Current-season V3 state,8.0
Alabama State,SWAC,fcs,https://cdn.collegefootballdata.com/logos/500/2011.png,#e9a900,ALST,1488.0165999724388,96.3938795496934,86.87364174747557,0.39845637610333123,0.07581271267611284,2.152566812218575,11.85121418225355,29.82838876177527,0.41750670212844343,0.4619395325712734,0.12856566698001642,0.31832060780052623,17.0,34.0,101.77091318938871,1,Current-season V3 state,
Alcorn State,SWAC,fcs,https://cdn.collegefootballdata.com/logos/500/2016.png,#4b0058,ALCN,1475.1491636064388,66.3092224404799,78.908352015846,0.3042834336464927,0.04803436889717122,1.0516819936954291,12.193836557415409,27.925070035840893,0.3507343778304802,0.5325647816424506,0.10141503787790762,0.33085781575606565,3.0,49.0,100.7976068554695,1,Current-season V3 state,
App State,Sun Belt,fbs,https://cdn.collegefootballdata.com/logos/500/2026.png,#000000,APP,1496.455509382399,106.83955236827639,117.8596580529341,0.43285610786819506,0.09649707955190019,2.4833960857802433,11.879401992249974,30.457793426156233,0.360770612788487,0.3987514956636156,0.04868792638197478,-0.05332525572340793,36.0,16.0,96.44485916633928,3,Current-season V3 state,76.0
Arizona,Big 12,fbs,https://cdn.collegefootballdata.com/logos/500/12.png,#cc0033,ARIZ,1553.9666599797579,109.72598781185691,111.833580086329,0.4977538899033638,0.08238181462526231,2.429261759144575,10.904232235207628,29.3885792986121,0.5685904328432374,0.4105863392871838,0.09356161118761802,0.04555705293029894,31.333333333333332,17.333333333333332,108.2599258329571,3,Current-season V3 state,40.0
Arizona State,Big 12,fbs,https://cdn.collegefootballdata.com/logos/500/9.png,#ffc627,ASU,1540.5327281359127,98.52411841190452,128.43285084232195,0.44558518211112996,0.14312006389507645,1.9521544072740031,13.10796851219449,33.90401662243582,0.3549627149836792,0.347197961460074,0.06248184609613315,-0.039646260440553735,38.0,24.0,113.0719133285695,3,Current-season V3 state,48.0
Arkansas,SEC,fbs,https://cdn.collegefootballdata.com/logos/500/8.png,#a32136,ARK,1438.7559374763855,95.00021828137297,94.69420664880649,0.4062642818449233,0.06362202687491407,1.9480169749011602,11.232966797788801,28.425248765841438,0.46574335318756777,0.428248790979102,0.06702275871637828,0.14605413957572386,19.333333333333332,34.0,116.8207685356395,3,Current-season V3 state,109.0
Arkansas State,Sun Belt,fbs,https://cdn.collegefootballdata.com/logos/500/2032.png,#cc092f,ARST,1469.414516462733,103.82524451730798,100.83056053673783,0.4803511848067687,0.09795719164116776,2.2903787924229553,10.947490564938771,31.30586818203912,0.4795967078556861,0.41206299130630547,0.08192596557702449,0.14467969087628754,27.666666666666668,26.666666666666668,103.2074229053759,3,Current-season V3 state,96.0
Arkansas-Pine Bluff,SWAC,fcs,https://cdn.collegefootballdata.com/logos/500/2029.png,#e0aa0f,UAPB,1481.8454364610484,79.95004877727142,74.42925458009768,0.32316572268739135,0.06975535396305528,1.6268446074307903,11.425642797100176,27.37915426952899,0.3133586740096643,0.5837895875945971,0.1607970681209813,0.5095948857546957,14.0,54.0,102.99696887616163,1,Current-season V3 state,
Army,American Athletic,fbs,https://cdn.collegefootballdata.com/logos/500/349.png,#000000,ARMY,1529.7559823877991,121.55172118260687,111.19018582163106,0.4679938033348361,0.11140310840527491,3.1192647452181976,10.249736639745787,30.58569138890003,0.4876878841317173,0.3848649250729942,0.057971290143159326,-0.011679863066910871,41.5,15.5,104.11952133920352,2,Current-season V3 state,56.0
Auburn,SEC,fbs,https://cdn.collegefootballdata.com/logos/500/2.png,#0c2340,AUB,1509.7850994439477,111.77544779056512,112.75056488984953,0.4337375778274897,0.08454800886550695,2.703457290730671,11.650121365861178,30.418763419285703,0.5135056262123701,0.34130048754715975,0.07446995602219328,-0.16380781182352527,33.0,22.666666666666668,113.05287678986932,3,Current-season V3 state,69.0
Austin Peay,UAC,fcs,https://cdn.collegefootballdata.com/logos/500/2046.png,#8e0b0b,APSU,1502.257171280729,82.52213487008501,98.63333739059753,0.37310319128177394,0.05587416428254799,1.5460746971366541,11.281978850283345,30.337191677232717,0.28008936467331175,0.4320030302663398,0.06023795022270782,0.09685837489062421,9.0,28.0,103.09185155122185,1,Current-season V3 state,
BYU,Big 12,fbs,https://cdn.collegefootballdata.com/logos/500/252.png,#003da5,BYU,1637.368602723336,127.18453665088033,126.19694659517272,0.5350091031893143,0.10364722057445859,3.380485042034529,11.015158397538444,33.41071967846249,0.5917960042323416,0.33923599696646684,0.046606581988325485,-0.16193797745513533,44.0,15.666666666666666,111.48749600263946,3,Current-season V3 state,10.0
Ball State,Mid-American,fbs,https://cdn.collegefootballdata.com/logos/500/2050.png,#ba0c2f,BALL,1398.6176956152551,80.84714487659753,83.5872011983474,0.33665329869277116,0.07373603686973351,1.5259481084208941,12.209700008815199,29.58768950391087,0.2913574979116115,0.48776087575541394,0.07099179187847063,0.28806799299366775,19.666666666666668,41.333333333333336,106.17043712992444,3,Current-season V3 state,134.0
Baylor,Big 12,fbs,https://cdn.collegefootballdata.com/logos/500/239.png,#154734,BAY,1502.033763968984,105.27197315628669,130.21372672921302,0.45110538738626427,0.09930499218990216,2.365834742259644,12.827680097014214,32.661109691687415,0.4339271094718611,0.31816730324469183,0.050296220183113735,-0.18301708398653216,32.0,13.0,106.97543708364779,3,Current-season V3 state,73.0
Bethune-Cookman,SWAC,fcs,https://cdn.collegefootballdata.com/logos/500/2065.png,#7b1831,BCU,1471.1328032577649,69.59428411926505,73.72214933047321,0.29881290520811526,0.08430075740387938,1.1665693047666386,12.545439958894583,26.123824952118184,0.27353539694741924,0.5752760479784023,0.11904371784401387,0.3850666632613416,6.0,73.0,100.80202820544321,1,Current-season V3 state,
Boise State,Pac-12,fbs,https://cdn.collegefootballdata.com/logos/500/68.png,#0033a0,BOIS,1570.8583435816938,105.42273002131306,104.31680843259369,0.45060328205211864,0.09331062936719478,2.388855217018503,12.071288713380373,25.36666990615801,0.4351686503120181,0.4095978385257112,0.12320551579265564,0.3671865486267538,34.333333333333336,26.0,102.3612487461161,3,Current-season V3 state,31.0
Boston College,ACC,fbs,https://cdn.collegefootballdata.com/logos/500/103.png,#8c2232,BC,1449.4319409460015,85.0739520860208,98.66131334150289,0.3864679734896159,0.07521384926405605,1.6418048848057816,11.654390067453122,27.95185972654157,0.34208479049411666,0.4050457006274494,0.0693340988872567,-0.0015931948704975551,21.666666666666668,23.666666666666668,95.77317757547439,3,Current-season V3 state,106.0
Bowling Green,Mid-American,fbs,https://cdn.collegefootballdata.com/logos/500/189.png,#fd5000,BGSU,1403.5084240803965,66.84732474142166,84.07136844457268,0.3030636424934219,0.07670422481307565,0.9893867445361847,11.926139525303158,28.007229749429417,0.32873955733935245,0.5076007811406582,0.14044182782770287,0.42753102425749595,9.0,43.666666666666664,105.56146269503783,3,Current-season V3 state,129.0
Bryant,Coastal Athletic,fcs,https://cdn.collegefootballdata.com/logos/500/2803.png,#000000,BRY,1490.6232253708959,74.68646366051446,84.03634192921369,0.3353293151079847,0.062117885967794675,1.23586318991267,11.099639041130143,25.458882800961447,0.3055358040631873,0.4946237358959944,0.13675340228753302,0.30826264776428375,3.0,59.0,97.82660564858139,1,Current-season V3 state,
Bucknell,Patriot,fcs,https://cdn.collegefootballdata.com/logos/500/2083.png,#000060,BUCK,1489.0151414743998,90.3765032194112,87.63835408549987,0.38920530150743027,0.07113551710820054,1.913623102929712,11.463450065476687,26.79447268990832,0.36377027545738405,0.47041168200523653,0.1228817225853577,0.2731660069792084,,,100.59666858814596,0,Current-season V3 state,
Buffalo,Mid-American,fbs,https://cdn.collegefootballdata.com/logos/500/2084.png,#005bbb,BUF,1444.7620426035562,71.99982451326613,105.8710975256169,0.266550004331094,0.04811920859217881,1.3717025523943307,13.887098299833935,27.72455326630346,0.2927446232128045,0.40873557667398314,0.0933636441782714,0.23701966200081095,18.0,35.0,107.26473325968857,3,Current-season V3 state,107.0
Cal Poly,Big Sky,fcs,https://cdn.collegefootballdata.com/logos/500/13.png,#1E4D2B,CP,1482.1429125360507,86.65807025213317,88.7937952305152,0.3884846049553963,0.06021060484854943,1.7332896623198537,11.708114764110384,27.05146391071652,0.3946311690087893,0.4787455852568927,0.08764894863273132,0.15587991975192428,20.0,30.0,100.01842989808645,1,Current-season V3 state,
California,ACC,fbs,https://cdn.collegefootballdata.com/logos/500/25.png,#041e42,CAL,1476.5375111639044,100.74965060280726,105.03777917771231,0.41816068234668463,0.08741819277152389,2.248169504683933,12.092940397047139,28.156478522186273,0.3946091540492,0.39215903645603667,0.12306411137112377,0.09320733802201261,31.333333333333332,23.333333333333332,102.61871671956806,3,Current-season V3 state,91.0
Campbell,Coastal Athletic,fcs,https://cdn.collegefootballdata.com/logos/500/2097.png,#000000,CAM,1478.1466781784095,69.26253838934711,83.21726564260676,0.303959310558491,0.05593440148449676,1.1365269657144403,12.686756029272102,27.713226068107154,0.3214078725825924,0.5007324907008894,0.12954644298507284,0.37277857836216477,3.0,52.0,100.95095755436924,1,Current-season V3 state,
Central Arkansas,UAC,fcs,https://cdn.collegefootballdata.com/logos/500/2110.png,#a7a9ac,CARK,1492.6717544184764,90.86624744190937,88.57146778726377,0.418643031780656,0.07857763027518583,1.8477033706742365,11.896478156448932,26.431599044086987,0.3444920590177535,0.45816169902983805,0.10802170049977197,0.13999743991638502,,,100.9252541657367,0,Current-season V3 state,
Central Connecticut,NEC,fcs,https://cdn.collegefootballdata.com/logos/500/2115.png,#1B49A2,CCSU,1478.7249802746678,73.61971462834177,79.48065448596496,0.3187239182553817,0.05567490448796905,1.2901029438943754,12.708131929272103,29.184390073126703,0.3272880345806086,0.49134404991694514,0.1504821989814206,0.5046880161680354,10.0,63.0,101.10503274082868,1,Current-season V3 state,
Central Michigan,Mid-American,fbs,https://cdn.collegefootballdata.com/logos/500/2117.png,#6a0032,CMU,1469.0368202923632,81.50974220906267,102.0039418688647,0.3456111361483219,0.0338412335266464,1.5588803856594302,10.686284498077566,28.79243292581772,0.3371266174164268,0.4296059830340009,0.06350356230590834,0.04970866121388709,14.666666666666666,19.333333333333332,104.19692297029849,3,Current-season V3 state,97.0
Charleston Southern,OVC,fcs,https://cdn.collegefootballdata.com/logos/500/2127.png,#2e3192,CHSO,1477.2287940981187,60.53195127630824,91.6442402525333,0.2608365928180645,0.055234968549674204,0.9366340481282308,11.832075980981937,25.761761779086356,0.28932248759735857,0.44987222084357903,0.1156078448398864,0.10114888614396189,0.0,31.0,98.53487445258416,1,Current-season V3 state,
Charlotte,American Athletic,fbs,https://cdn.collegefootballdata.com/logos/500/2429.png,#005035,CLT,1349.0845085818498,84.06598929624369,95.11687519712332,0.40942588650244216,0.05669285717457477,1.4876819471885399,11.716557318486366,30.101551395979286,0.3174995689363972,0.4384748699968485,0.06931863472078346,0.17949466222177787,23.666666666666668,36.666666666666664,104.52632513538681,3,Current-season V3 state,138.0
Chattanooga,Southern,fcs,https://cdn.collegefootballdata.com/logos/500/236.png,#00386b,UTC,1491.3344853558292,87.60765578257603,91.18892589555836,0.3977599786119081,0.08262865052510683,1.753885510577109,11.89223342283962,27.701598715367226,0.3247256910708537,0.4631747125623714,0.0964783661146078,0.15649336634259373,,,100.94045369610458,0,Current-season V3 state,
Cincinnati,Big 12,fbs,https://cdn.collegefootballdata.com/logos/500/2132.png,#000000,CIN,1531.2712763181778,120.16919960837893,114.10787996626857,0.4736251827434197,0.10635276350816025,3.1573089408054384,11.99584644690037,30.547678969249752,0.47769361798971877,0.4057691863810958,0.07213577112276831,0.0508149694117751,43.666666666666664,18.666666666666668,102.44541106234934,3,Current-season V3 state,55.0
Clemson,ACC,fbs,https://cdn.collegefootballdata.com/logos/500/228.png,#f56600,CLEM,1553.781148580907,85.6587138136399,107.32347805343993,0.3602285206210051,0.06361336643467425,1.7735976388180403,13.313605995221344,32.77095374507909,0.2682368196211642,0.396285015593676,0.04904693245111502,0.0696579633642205,20.0,26.0,110.97804267598158,3,Current-season V3 state,41.0
Coastal Carolina,Sun Belt,fbs,https://cdn.collegefootballdata.com/logos/500/324.png,#006f71,CCU,1454.877860915436,94.95612461072861,113.0832884255302,0.41051819968396897,0.08349503268214932,1.9795965484270053,12.497499193245748,27.58712523935835,0.3687690730906579,0.39809806779077866,0.09985436084927796,0.04387829585502569,27.666666666666668,20.0,103.05471041838038,3,Current-season V3 state,104.0
Colgate,Patriot,fcs,https://cdn.collegefootballdata.com/logos/500/2142.png,#821019,COLG,1484.8104810826144,80.9072116887231,98.49009090659065,0.36237084586500407,0.05609028525009142,1.5867502733949317,11.812962707165624,28.12768826869717,0.37599993730079095,0.41827538786768215,0.07484035443607255,0.023930739453858173,10.0,13.0,96.96871695516168,1,Current-season V3 state,
Colorado,Big 12,fbs,https://cdn.collegefootballdata.com/logos/500/38.png,#cfb87c,COLO,1463.7034586480752,94.90783742375638,111.84987686363725,0.4374071552040009,0.10966948262757903,1.8513056886592532,12.259792777513477,28.598847670646308,0.4065486113200252,0.3554285145435855,0.07012758031637406,0.005915878693371415,24.333333333333332,25.0,104.40360138334209,3,Current-season V3 state,99.0
Colorado State,Pac-12,fbs,https://cdn.collegefootballdata.com/logos/500/36.png,#1e4d2b,CSU,1434.086587620955,105.31588480261303,102.42520413300844,0.4332746385699385,0.09492023385921322,2.4850398834187732,12.285256750807052,31.758522095941363,0.47460811171317596,0.4104817489143432,0.10530834187995548,-0.05812468019372836,38.666666666666664,26.0,106.3121718083,3,Current-season V3 state,111.0
Delaware,Conference USA,fbs,https://cdn.collegefootballdata.com/logos/500/48.png,#00539f,DEL,1501.5696914994921,98.278787606202,119.65784690456653,0.45047437737277846,0.11268297290067705,2.000311477723478,12.676440626400206,30.654840943926835,0.37394362160868944,0.3668039055949035,0.05413961845016881,-0.03698414192907627,30.0,18.666666666666668,104.31696568871803,3,Current-season V3 state,74.0
Delaware State,MEAC,fcs,https://cdn.collegefootballdata.com/logos/500/2169.png,#009cdb,DSU,1483.4269262263176,95.83324872360238,80.28058033313765,0.4559996069395167,0.1115616189917108,1.8705120877995636,11.236702650925,24.905481136630357,0.36145592223450473,0.526712884838062,0.1128454631493949,0.3337923280927602,17.0,59.0,102.85193426783766,1,Current-season V3 state,
Duke,ACC,fbs,https://cdn.collegefootballdata.com/logos/500/150.png,#00539b,DUKE,1603.234160655119,105.88939111907963,118.84036464389196,0.4049677229599406,0.06368924401021128,2.5113000082161725,11.700353285812703,31.88962687164118,0.3679344744872119,0.3685269382394799,0.051722778365348776,-0.027431699211685888,27.666666666666668,12.333333333333334,105.3547335264037,3,Current-season V3 state,18.0
Duquesne,NEC,fcs,https://cdn.collegefootballdata.com/logos/500/2184.png,#002D62,DUQ,1461.558709045045,59.207544356895234,78.63515009818248,0.28094070916108393,0.04066672349317236,0.8502341296656911,11.473597375767177,23.850337203008156,0.26928777815765237,0.49763238473899174,0.09551622044510352,0.2956567102543473,3.5,41.0,99.27372995487478,2,Current-season V3 state,
East Carolina,American Athletic,fbs,https://cdn.collegefootballdata.com/logos/500/151.png,#592a8a,ECU,1520.7925089661035,84.90563366243425,108.36130423043211,0.40759166255813983,0.06923232409464888,1.5774096194801377,12.599265420781775,30.15521816424501,0.22110483939199416,0.3919594526935301,0.06583895099335874,0.012909054300580402,18.0,30.666666666666668,107.80200470634271,3,Current-season V3 state,62.0
East Tennessee State,Southern,fcs,https://cdn.collegefootballdata.com/logos/500/2193.png,#002d61,ETSU,1485.2073018093656,79.17350121113697,80.39369246687181,0.39273594192161704,0.05667953159268085,1.3193953630530963,11.120775309569515,25.9804990942551,0.3909720623290486,0.5243734456652431,0.13043636471318082,0.2842651999206181,3.0,35.0,101.64454461384453,1,Current-season V3 state,
East Texas A&M,Southland,fcs,https://cdn.collegefootballdata.com/logos/500/2837.png,#000000,ETAM,1478.3505278699608,72.57470342425165,85.78542387927097,0.3669434434107265,0.09595888513061496,1.061839514670296,12.873817135374999,27.439836941460783,0.33348819281122505,0.4890004586189354,0.09914699321341078,0.269915041172762,0.0,42.0,103.97218224066613,1,Current-season V3 state,
Eastern Illinois,OVC,fcs,https://cdn.collegefootballdata.com/logos/500/2197.png,#000000,EIU,1481.1359449107977,68.6806052478611,78.30422342231041,0.29158914055798874,0.04813377136710842,1.2042408708484647,12.050251464528799,25.89178770313439,0.29327338951339166,0.522253159117465,0.11255364939547802,0.2619298405332373,7.0,59.0,104.48495607278568,1,Current-season V3 state,
Eastern Kentucky,UAC,fcs,https://cdn.collegefootballdata.com/logos/500/2198.png,#660819,EKU,1476.5810121471054,75.93033080486431,75.58544249914699,0.37264502007824507,0.0705808038195185,1.2659457489944506,11.39706859972554,25.910429970547874,0.3330760880199525,0.5513565920795422,0.14285331375088695,0.3313517577482845,7.0,49.0,101.21972115540882,1,Current-season V3 state,
Eastern Michigan,Mid-American,fbs,https://cdn.collegefootballdata.com/logos/500/2199.png,#046a38,EMU,1405.058884970291,77.35873803217602,91.41311340266068,0.3860331249399951,0.06176266500480414,1.3615825237402024,11.831746008588105,24.60730465075204,0.36264182792837973,0.4792146330107711,0.10172817401387711,0.28393745086142047,16.5,33.25,102.08455924330067,4,Current-season V3 state,128.0
Eastern Washington,Big Sky,fcs,https://cdn.collegefootballdata.com/logos/500/331.png,#a10022,EWU,1484.9666421948489,89.24370045621076,81.89090328274602,0.361708715854542,0.0643413632561845,1.804809439185445,11.990117347190644,26.98169045724712,0.39053969997839344,0.4601025553052319,0.14127291473748527,0.3098895985640879,16.0,48.0,106.39133661695543,1,Current-season V3 state,
Elon,Coastal Athletic,fcs,https://cdn.collegefootballdata.com/logos/500/2210.png,#020303,ELON,1491.5638100583326,90.66018335014607,91.42611781834589,0.3701807020117689,0.078590267604942,1.9086107185357026,11.582821427474684,26.996596232676204,0.3921089608766951,0.45287754598974206,0.11363740285076993,0.13228157656741632,,,100.71807036690238,0,Current-season V3 state,
Florida,SEC,fbs,https://cdn.collegefootballdata.com/logos/500/57.png,#0021a5,FLA,1537.2081309896732,131.6510425829733,113.42526510485042,0.4883559241569264,0.1234417861659156,3.8342124878766723,10.933211378657415,33.13960933153531,0.4566047740228237,0.3510959166601784,0.06158250582155572,-0.15287145744427988,54.0,21.0,107.47569022208461,3,Current-season V3 state,50.0
Florida A&M,SWAC,fcs,https://cdn.collegefootballdata.com/logos/500/50.png,#F89728,FAMU,1481.0355960956615,74.57592062217427,79.70473908999128,0.38158320944304913,0.0602559318505777,1.197472298160373,12.20732601812837,26.543724046439902,0.2667027882424702,0.5554254570899864,0.13931575208210395,0.47181597405312303,7.0,77.0,104.74605094896394,1,Current-season V3 state,
Florida Atlantic,American Athletic,fbs,https://cdn.collegefootballdata.com/logos/500/2226.png,#003366,FAU,1450.059702343417,102.04350684546715,92.47066944018496,0.4757717046543962,0.07412465028011532,2.0704148680389336,11.651624864167701,34.37114446482209,0.47541327943307843,0.4061280067313603,0.0985896605381382,0.21631417039508383,25.0,35.333333333333336,105.0673942427272,3,Current-season V3 state,105.0
Florida International,Conference USA,fbs,https://cdn.collegefootballdata.com/logos/500/2229.png,#091f3f,FIU,1471.8564032045033,83.47513054149817,114.83425580290073,0.41988356414388023,0.0690241500577258,1.3130033960130953,11.925505977765136,29.03942517979088,0.416319059827761,0.3733870088169271,0.04408796707022189,0.018233017088685532,17.333333333333332,18.333333333333332,101.99579043591696,3,Current-season V3 state,94.0
Florida State,ACC,fbs,https://cdn.collegefootballdata.com/logos/500/52.png,#782f40,FSU,1474.2521129048448,108.84796183141165,90.61463865093718,0.401933974856093,0.10449343879702788,2.726603191671899,11.135746237199035,29.368336971475728,0.45626723979161415,0.4601796297672018,0.10303876158372124,0.30034995889227345,31.333333333333332,31.333333333333332,109.63667773551384,3,Current-season V3 state,92.0
Fordham,Patriot,fcs,https://cdn.collegefootballdata.com/logos/500/2230.png,#830032,FOR,1476.0404878485056,64.70675513934192,81.73933644670463,0.3393275281418315,0.05836100696774915,1.0169133451233452,12.03129327491588,24.65970908034236,0.3294258352613577,0.47660381117790246,0.07991300966322007,0.19907929629635743,3.5,41.5,101.80496888306388,2,Current-season V3 state,
Fresno State,Pac-12,fbs,https://cdn.collegefootballdata.com/logos/500/278.png,#c41230,FRES,1557.385029903378,97.08904029397439,126.37569348241581,0.38731728328328824,0.09702667150118133,2.228065407037728,12.299945782720668,32.918463393140215,0.34851762746496545,0.41847006237878565,0.0559142508776659,-0.02433678921571457,25.0,17.333333333333332,106.2436725497401,3,Current-season V3 state,37.0
Furman,Southern,fcs,https://cdn.collegefootballdata.com/logos/500/231.png,#582c83,FUR,1484.9178800662523,76.41760553963294,84.1614752773192,0.34131371758187007,0.07042417023757448,1.381025141461932,12.983146307261144,26.86787596958937,0.3253783670004256,0.481647680210777,0.10682797988127113,0.23804726730277265,9.0,56.0,102.26742139072782,1,Current-season V3 state,
Gardner-Webb,OVC,fcs,https://cdn.collegefootballdata.com/logos/500/2241.png,#c12535,GWEB,1481.4549195607121,85.9506389107664,102.63488441570615,0.3725837272646917,0.06853400095738243,1.6567998156830526,12.19239560887758,28.383903186544615,0.33226180087187734,0.44098835379254964,0.15290988226328203,-0.018328661902249757,23.0,24.0,100.92679012906896,1,Current-season V3 state,
Georgia,SEC,fbs,https://cdn.collegefootballdata.com/logos/500/61.png,#ba0c2f,UGA,1672.9888905634618,126.7459004653721,139.79273930948435,0.5383345793328183,0.11355491223289546,3.484416389959227,12.26112110592209,34.02360790555685,0.5626690970055583,0.3138389096128516,0.04195116123328893,-0.1105282430340131,59.333333333333336,13.333333333333334,102.04721942924098,3,Current-season V3 state,3.0
Georgia Southern,Sun Belt,fbs,https://cdn.collegefootballdata.com/logos/500/290.png,#041e42,GASO,1479.3544159453147,94.8260127099288,122.33160300058361,0.3914829185294384,0.06884954327184493,1.9913684754136813,12.067002916922482,25.918304030303467,0.4159953941740274,0.3502383292866188,0.05805747598346682,-0.07268108203833426,21.666666666666668,17.666666666666668,101.34980578254206,3,Current-season V3 state,88.0
Georgia State,Sun Belt,fbs,https://cdn.collegefootballdata.com/logos/500/2247.png,#0039a6,GAST,1423.8551384519233,116.49047862984061,110.14527793783277,0.48056143677555874,0.14874505584514292,2.7228273163672143,11.972341746843778,32.98575012872953,0.5007814115850271,0.3677136394778887,0.09134895548430538,0.06893540143911378,40.0,23.666666666666668,112.50112364519073,3,Current-season V3 state,118.0
Georgia Tech,ACC,fbs,https://cdn.collegefootballdata.com/logos/500/59.png,#b3a369,GT,1495.8036207142236,98.05355022256127,102.88349607677696,0.425817975157782,0.10046414961444859,2.0231298988535076,11.030724141610753,30.16797735457432,0.3983354323420599,0.43411527514156534,0.10064827474239726,0.1691791588361947,27.0,23.333333333333332,104.78686470131707,3,Current-season V3 state,77.0
Grambling,SWAC,fcs,https://cdn.collegefootballdata.com/logos/500/2755.png,#ee8601,GRAM,1484.251510522981,72.55006837867943,77.26377804624643,0.32694474002863366,0.06156440005155926,1.2424827045311146,12.493772410663048,25.166649217354404,0.2626227918022954,0.5735812895194167,0.16608313498324329,0.588460192439873,7.0,63.0,103.96889451106291,1,Current-season V3 state,
Hampton,Coastal Athletic,fcs,https://cdn.collegefootballdata.com/logos/500/2261.png,#0067AC,HAMP,1489.4602716982815,75.69448539246943,84.50286560128892,0.33058063674340654,0.06867211028607717,1.4392965311344377,12.002601825292002,27.026980559847917,0.36204864205779386,0.48658479527021287,0.1256206488990639,0.30910719802416786,0.0,62.0,98.68765443481324,1,Current-season V3 state,
Hawai'i,Mountain West,fbs,https://cdn.collegefootballdata.com/logos/500/62.png,#024731,HAW,1478.9702968702863,92.39946791171599,104.9649469183138,0.37615469182411326,0.0527613777248846,1.9527592674205334,12.074226705108766,28.28715957379499,0.4136861535542351,0.46540946868843025,0.09597885165013423,0.18935637012144316,20.666666666666668,25.666666666666668,103.06228564187869,3,Current-season V3 state,89.0
Holy Cross,Patriot,fcs,https://cdn.collegefootballdata.com/logos/500/107.png,#582c83,HC,1488.1364765501432,77.52864220246325,82.31651529279843,0.3164807930607668,0.05916216692339964,1.49048624043468,10.709743919712727,26.862750837664347,0.3341560901493594,0.5494728144149255,0.15368382477299625,0.31131140814885166,7.0,45.0,98.35473767365771,1,Current-season V3 state,
Houston,Big 12,fbs,https://cdn.collegefootballdata.com/logos/500/248.png,#c8102e,HOU,1541.9588068549524,122.97128646127913,116.95661081731015,0.49929894853785767,0.09211873371588472,3.132418164226528,11.504781418817583,33.33357252954354,0.6297784596366529,0.3741147765803589,0.08387758284915736,-0.013784141979903693,45.333333333333336,18.0,108.59869378532575,3,Current-season V3 state,46.0
Houston Christian,Southland,fcs,https://cdn.collegefootballdata.com/logos/500/2277.png,#00539c,HCU,1478.7020969244031,76.59909800425847,77.97562557091202,0.3835846377510564,0.06609201699044534,1.2295103363195112,10.593143454877898,25.77651882089688,0.3508499080475149,0.5548313714355775,0.08331011780820222,0.18170022980322958,3.0,31.0,102.22440044346635,1,Current-season V3 state,
Howard,MEAC,fcs,https://cdn.collegefootballdata.com/logos/500/47.png,#003a63,HOW,1483.7310359117162,71.8708676980816,82.22285205574076,0.33309473442874615,0.06302122492688038,1.1689668629117387,11.559897358040407,26.722576641821433,0.32187087937765274,0.48608160028517194,0.12921547155799837,0.32576657531713105,0.0,55.0,104.5695032214565,1,Current-season V3 state,
Idaho,Big Sky,fcs,https://cdn.collegefootballdata.com/logos/500/70.png,#000000,IDHO,1496.1097602745062,83.865405502495,86.13820646165738,0.35266298647569977,0.07060716371915993,1.7455548039516502,11.74239637226647,26.56132666503568,0.34415790348622316,0.4407636145322781,0.09119866099883209,0.18954080303151805,14.0,66.0,101.36546423908224,1,Current-season V3 state,
Idaho State,Big Sky,fcs,https://cdn.collegefootballdata.com/logos/500/304.png,#ef8c00,IDST,1513.0321834516371,92.8155125257875,98.97361670291707,0.356681026020587,0.062335073159504636,2.0329842066358004,12.04531674725217,31.34009197202915,0.4006514652446054,0.42512019471601803,0.10514728253569756,-0.04037062712992426,29.0,17.0,100.35281871306333,1,Current-season V3 state,
Illinois,Big Ten,fbs,https://cdn.collegefootballdata.com/logos/500/356.png,#ff5f05,ILL,1554.0577736475836,119.96098838446719,97.60327314531732,0.4932736335021204,0.09173657403319169,3.1290245700119144,9.978608856595779,29.606027620112442,0.439165756089134,0.4153308822735797,0.05288394004308458,0.08156749543866783,39.0,21.333333333333332,101.57884321415118,3,Current-season V3 state,38.0
Illinois State,MVFC,fcs,https://cdn.collegefootballdata.com/logos/500/2287.png,#CE1126,ILST,1506.4867237748585,83.9878062398822,95.1153130889831,0.347351553761814,0.0878151924184097,1.700527764800602,11.35824505499556,27.77326012313353,0.42964931088780783,0.47981231588754436,0.07087023212785377,0.037205517544274674,28.0,24.0,100.29983056159308,1,Current-season V3 state,
Incarnate Word,Southland,fcs,https://cdn.collegefootballdata.com/logos/500/2916.png,#000000,UIW,1498.6428355254989,97.25460810887077,95.92219228949791,0.4348833491111782,0.09939439711236536,2.109293684064736,11.930600687674712,26.981853510633947,0.4159730879732785,0.4348456531890942,0.09295491738050365,0.16302669252912697,,,100.84755799579204,0,Current-season V3 state,
Indiana,Big Ten,fbs,https://cdn.collegefootballdata.com/logos/500/84.png,#990000,IU,1696.3899487671067,127.9184446432162,156.53493242228805,0.47492670891094124,0.1398981875830665,3.625136047474001,10.53921382634266,35.113829467139404,0.47991336051308353,0.32233235225758977,0.05130859350200796,-0.10330551809899637,48.333333333333336,5.333333333333333,102.67527906956735,3,Current-season V3 state,1.0
Indiana State,MVFC,fcs,https://cdn.collegefootballdata.com/logos/500/282.png,#00669a,INST,1478.1960503716741,81.04728606911796,76.77030327112527,0.330352608648315,0.06888091133080408,1.6611406418054222,11.199271393451548,27.45180299859416,0.3355979978228123,0.5426773496355388,0.11726871638150212,0.365512119796121,19.0,44.0,101.69996274548275,1,Current-season V3 state,
Iowa,Big Ten,fbs,https://cdn.collegefootballdata.com/logos/500/2294.png,#000000,IOWA,1612.0206049328556,114.20357860062023,160.0,0.5009226092318384,0.08494960254976247,2.680354983720214,11.93955353262443,33.23828928926419,0.38682479833916306,0.27231046138038817,0.04761118311455325,-0.10925401469255548,37.0,4.333333333333333,104.6706387584592,3,Current-season V3 state,16.0
Iowa State,Big 12,fbs,https://cdn.collegefootballdata.com/logos/500/66.png,#c8102e,ISU,1561.1349962179886,105.48738127545748,138.2319411556571,0.4341387151121389,0.13175240202472038,2.5430055245429526,11.462695400284172,31.429297019378836,0.39966102028081346,0.3278369506046588,0.07199063299200034,-0.20546386306792083,35.333333333333336,11.0,106.51584796051148,3,Current-season V3 state,35.0
Jacksonville State,Conference USA,fbs,https://cdn.collegefootballdata.com/logos/500/55.png,#cc0000,JXST,1511.9056171097936,104.64982884971886,103.93857074610264,0.452940610034674,0.08267573032687935,2.448159798943374,10.491060435018348,27.567455085568582,0.4233616679349418,0.4386108816430632,0.06083949406519924,0.09920796265680215,28.5,24.0,103.10728357806912,4,Current-season V3 state,67.0
James Madison,Sun Belt,fbs,https://cdn.collegefootballdata.com/logos/500/256.png,#450084,JMU,1642.2518564094505,112.96553526662527,131.3757507774537,0.4506854897449518,0.092056147075863,2.9451528180969806,11.62752015562101,34.287311580195826,0.4200579027592191,0.3398966963247626,0.06275171577230358,-0.07262984879912504,44.333333333333336,9.666666666666666,101.77023934523712,3,Current-season V3 state,9.0
Kansas,Big 12,fbs,https://cdn.collegefootballdata.com/logos/500/2305.png,#0051ba,KU,1461.25424084071,103.41568077651623,120.75114887962683,0.4283025133686861,0.11304020840064401,2.2580857569839456,12.142277900542915,29.488469046815712,0.42364263947455744,0.33033127712936816,0.06372448863402726,0.044498873075803344,29.666666666666668,22.666666666666668,110.0557628214698,3,Current-season V3 state,101.0
Kansas State,Big 12,fbs,https://cdn.collegefootballdata.com/logos/500/2306.png,#512888,KSU,1581.407863913779,121.90835423787018,135.8682954734893,0.5148577780689514,0.12864501132804582,3.062908706426673,11.424284442600612,31.79774278774677,0.6088325257964023,0.3309498863808793,0.039873756282829784,-0.12572454530736216,45.333333333333336,10.0,106.29801961874159,3,Current-season V3 state,27.0
Kennesaw State,Conference USA,fbs,https://cdn.collegefootballdata.com/logos/500/338.png,#fdbb30,KENN,1462.0009600172198,93.9378311294571,105.5447951653569,0.4444552017763389,0.08135184986397,1.8377741612220162,11.977248542385073,30.39043277619498,0.3988013753210588,0.37658168083513277,0.06314434789472338,-0.019859367656262464,24.333333333333332,24.333333333333332,107.0222799076578,3,Current-season V3 state,100.0
Kent State,Mid-American,fbs,https://cdn.collegefootballdata.com/logos/500/2309.png,#002664,KENT,1400.5505493857015,74.45130051910472,86.76980583530087,0.3602069485799157,0.06947830147461045,1.193874626142082,11.86553394354791,28.678926099047292,0.40301802235391077,0.47939835393437413,0.09192854712702518,0.18954341687584816,13.0,43.666666666666664,110.21247163695315,3,Current-season V3 state,133.0
Kentucky,SEC,fbs,https://cdn.collegefootballdata.com/logos/500/96.png,#0033a0,UK,1494.797735706155,107.88636961943973,101.27652143432219,0.46869908531095117,0.06926985577221006,2.5167364825583185,11.390145816190476,32.29792953302933,0.3201929276716443,0.4101459141224739,0.06361877079214473,0.026068668625247975,31.0,26.333333333333332,116.03707664020823,3,Current-season V3 state,79.0
LSU,SEC,fbs,https://cdn.collegefootballdata.com/logos/500/99.png,#461d7c,LSU,1573.005809632994,117.5613873966485,133.3561183826293,0.4790172082599027,0.07192186639799361,2.9054628317190705,12.151942401815674,35.51248409611368,0.5656892435096745,0.32005932330056364,0.05301492185825794,-0.09436596497595309,40.0,18.666666666666668,111.175070244017,3,Current-season V3 state,29.0
Lafayette,Patriot,fcs,https://cdn.collegefootballdata.com/logos/500/322.png,#790000,LAF,1476.1178006288817,71.3488453111132,87.82496555056505,0.2960719535860269,0.05253309399535657,1.2724124316845782,12.248742562008673,24.498904997810847,0.365393100694279,0.4996196633920603,0.12389945549787362,0.29912161816390476,7.0,56.0,98.15620875673322,1,Current-season V3 state,
Lamar,Southland,fcs,https://cdn.collegefootballdata.com/logos/500/2320.png,#000000,LAM,1481.0536982308852,70.82903032011498,87.32981648881275,0.366785404833818,0.06208956510513888,1.1266388113890404,11.574044357341897,24.601091705427553,0.41786571616054247,0.4718563527156123,0.10685988952422755,0.1175671812269926,7.0,38.0,100.22377955772379,1,Current-season V3 state,
Liberty,Conference USA,fbs,https://cdn.collegefootballdata.com/logos/500/2335.png,#0a254e,LIB,1492.1681119011498,105.20089524813596,108.52405695048569,0.41613627405483256,0.1197876147396181,2.4866212216146235,11.65958378775785,31.136056140541605,0.4432179851072875,0.39515990068962814,0.0743671066211406,0.047149746374190164,29.333333333333332,19.333333333333332,100.82069823691046,3,Current-season V3 state,80.0
Lindenwood,OVC,fcs,https://cdn.collegefootballdata.com/logos/500/2815.png,#000000,LIN,1479.841071504435,74.70190089966327,83.4121876290764,0.3280955958788697,0.05201647407884711,1.4526196949644354,11.688041575000002,26.397692396067903,0.26564650397590106,0.5246790215281102,0.14455634620440141,0.4611353749274299,14.0,48.0,96.58230874809507,1,Current-season V3 state,
Long Island University,NEC,fcs,https://cdn.collegefootballdata.com/logos/500/2341.png,#null,LIU,1488.4011585406142,73.4989439984266,76.48645097248495,0.3057174777494199,0.05228549900653639,1.3350200354089914,11.423278173002426,26.239301980448552,0.29545515603695893,0.5206264592455503,0.09957808429136189,0.2993808901518695,6.0,51.0,99.33846503350125,1,Current-season V3 state,
Louisiana,Sun Belt,fbs,https://cdn.collegefootballdata.com/logos/500/309.png,#ce181e,UL,1497.6026300649762,101.27781452024777,119.36506880140911,0.4015992132896003,0.08238962175749352,2.480613471864065,11.628525552810276,30.440782147286853,0.36377985989532463,0.37700804300492563,0.04695502037978545,-0.01926053768383841,29.666666666666668,23.333333333333332,100.02628559998665,3,Current-season V3 state,75.0
Louisiana Tech,Sun Belt,fbs,https://cdn.collegefootballdata.com/logos/500/2348.png,#003087,LT,1473.083298327183,95.35546330904656,110.69167764559955,0.4057807148122112,0.10475120731155527,2.1928173165556064,13.28455121828089,34.927481686435556,0.4415327559972491,0.3608858214340036,0.08932725252612081,-0.03100276246360454,37.666666666666664,29.0,107.82941966206342,3,Current-season V3 state,93.0
Louisville,ACC,fbs,https://cdn.collegefootballdata.com/logos/500/97.png,#c9001f,LOU,1582.9279402157827,120.45133243107881,108.91416480234201,0.5145148383880331,0.1376797554117315,3.1977768597543212,12.887822935866284,29.99046852093543,0.427349084418169,0.3886117127856952,0.062456752204054874,0.09829805817523311,46.0,28.333333333333332,110.94264905632646,3,Current-season V3 state,26.0
Maine,Coastal Athletic,fcs,https://cdn.collegefootballdata.com/logos/500/311.png,#127dbe,ME,1472.5747410126999,74.85357034949432,81.16227331878338,0.3229723950075667,0.060626468229406025,1.3394082628121036,10.975792929639798,24.664317719930416,0.3752512358509512,0.5204811578322089,0.1324414511733535,0.28427216844597025,9.5,38.5,98.18368231207596,2,Current-season V3 state,
Marshall,Sun Belt,fbs,https://cdn.collegefootballdata.com/logos/500/276.png,#00b140,MRSH,1512.8785017828789,91.10344987639505,95.91519741102978,0.41678767069026856,0.05363471005152971,1.841603527328425,11.631361797362763,28.24508178531486,0.3344664843565792,0.46879694921560416,0.09861576606612674,0.24071429889662468,19.333333333333332,31.666666666666668,99.38598244522153,3,Current-season V3 state,66.0
Maryland,Big Ten,fbs,https://cdn.collegefootballdata.com/logos/500/120.png,#ce1126,MD,1485.36433898926,121.7124775864017,122.31896931088424,0.48487016837816954,0.1049206677535003,2.982531857772549,11.586258532694456,32.665522942884635,0.540612818278092,0.3444544559199027,0.053297515878216656,-0.08940276386674464,42.0,16.333333333333332,109.66789938288689,3,Current-season V3 state,85.0
Massachusetts,Mid-American,fbs,https://cdn.collegefootballdata.com/logos/500/113.png,#881c1c,MASS,1396.8408237593358,107.93392664958391,121.49250806775854,0.49625766185255216,0.08899917679935897,2.4967925331853253,11.099409492188771,35.35768153272023,0.3713602259754598,0.3270885127841267,0.04323465866855997,-0.14840631861680859,36.666666666666664,15.0,100.64998214953366,3,Current-season V3 state,135.0
McNeese,Southland,fcs,https://cdn.collegefootballdata.com/logos/500/2377.png,#00529C,MCN,1484.3642312826328,85.06481001430579,84.59663613515646,0.3661545866528021,0.07503269697617104,1.6855871221117533,11.244765214158338,26.119704539160693,0.37858850847932213,0.4925926722437499,0.11904243207421095,0.20910297014857054,,,101.1816844792975,0,Current-season V3 state,
Memphis,American Athletic,fbs,https://cdn.collegefootballdata.com/logos/500/235.png,#00498f,MEM,1562.7016883383856,112.26514114132776,95.83404382176364,0.44888711400669795,0.12224923042614688,2.850605641629057,11.12040121811798,23.952142316403464,0.40948143552792976,0.43747357102056184,0.09230794770650556,0.29412909510849966,33.5,26.0,98.42837069898448,4,Current-season V3 state,34.0
Mercer,Southern,fcs,https://cdn.collegefootballdata.com/logos/500/2382.png,#ff7f29,MER,1482.312782044518,84.42147798561811,81.6835970824222,0.41594737652057534,0.059138679365539105,1.4943490436760383,11.876646407286795,26.505758017419765,0.36534164871425323,0.48524458805125825,0.18134972422423035,0.48332509874137664,11.0,44.0,102.18439647657858,1,Current-season V3 state,
Mercyhurst,NEC,fcs,https://cdn.collegefootballdata.com/logos/500/2385.png,#000000,MERC,1481.4058353578985,77.01616241610085,84.77461109871427,0.36981982168641975,0.08513850820671476,1.4255784745611837,13.425,26.996567683542594,0.34211861472534283,0.4665504639698105,0.1399408505076658,0.31438078119482427,10.5,60.5,104.07982324832446,2,Current-season V3 state,
Merrimack,FCS Independents,fcs,https://cdn.collegefootballdata.com/logos/500/2771.png,#000000,MRMK,1475.947479572937,73.25007004639825,90.54835135542069,0.32558434783878687,0.05661340740546349,1.285202112286497,12.320949067025001,24.857162936132042,0.3207054373525209,0.48382481835797625,0.10894746947763445,0.3127492197253115,7.0,42.0,98.02309687857549,1,Current-season V3 state,
Miami,ACC,fbs,https://cdn.collegefootballdata.com/logos/500/2390.png,#f47321,MIA,1671.6043337785156,123.3766632888499,140.7437854766157,0.49760416957048426,0.11056408182793175,3.327965064413235,12.213905783940552,28.140493759683867,0.5090285715734018,0.3454293137515328,0.046458522317988846,-0.07493939704164304,51.666666666666664,11.0,106.3794210671449,3,Current-season V3 state,4.0
Miami (OH),Mid-American,fbs,https://cdn.collegefootballdata.com/logos/500/193.png,#c41230,M-OH,1484.8941087791895,103.98167241976894,98.98157758909967,0.4717199309881069,0.14429140589591147,2.140154811964077,10.742981026087136,30.99075953803379,0.4581932484274169,0.397329097223128,0.09469907648519432,0.1112600535588251,30.0,33.666666666666664,110.07745260786689,3,Current-season V3 state,86.0
Michigan,Big Ten,fbs,https://cdn.collegefootballdata.com/logos/500/130.png,#00274c,MICH,1601.3152235831376,100.89773726566933,125.70073657234444,0.43003940729908274,0.05327555786278279,2.263121615917249,10.858435026508667,30.433524271552123,0.4474882869043628,0.3467419220815169,0.04462508446300955,-0.019770305018821363,27.333333333333332,13.0,112.31727372697323,3,Current-season V3 state,19.0
Michigan State,Big Ten,fbs,https://cdn.collegefootballdata.com/logos/500/127.png,#173f35,MSU,1487.382241500644,112.58510857659522,109.48573159768641,0.47844593194649265,0.07085100947601167,2.5542321912122006,10.299290155057342,35.3537317877134,0.4617154121902436,0.41051669193275603,0.10679734882093764,0.12675472271911536,25.0,18.0,117.35637762335165,3,Current-season V3 state,81.0
Middle Tennessee,Conference USA,fbs,https://cdn.collegefootballdata.com/logos/500/2393.png,#036eb7,MTSU,1428.562240508002,104.87530977511581,103.79326688533438,0.4463450098336166,0.06921605787766694,2.3465799124927447,10.615848986047036,29.473853031739107,0.3397737897214205,0.4150093753719586,0.052696839151609984,-0.08868312051648936,30.333333333333332,20.666666666666668,100.7243899025,3,Current-season V3 state,115.0
Minnesota,Big Ten,fbs,https://cdn.collegefootballdata.com/logos/500/135.png,#7a0019,MINN,1516.130212997092,107.6088745398793,119.2075487260737,0.44894383531511617,0.09586009868864125,2.4845783107018624,11.020308567134771,34.60972200769592,0.4393897885197918,0.344255067340699,0.05753045152639237,-0.009085657982960939,37.666666666666664,17.333333333333332,104.93216170554129,3,Current-season V3 state,63.0
Mississippi State,SEC,fbs,https://cdn.collegefootballdata.com/logos/500/344.png,#5d1725,MSST,1534.6858405556543,130.31188712717358,116.71005403468128,0.49112808669324837,0.12676438373589027,3.558846312473879,11.885231439913323,31.06771687438149,0.5216524877396158,0.3543791589876891,0.05952999273520273,-0.09293324062695445,47.0,20.0,118.81506412432518,3,Current-season V3 state,52.0
Mississippi Valley State,SWAC,fcs,https://cdn.collegefootballdata.com/logos/500/2400.png,#005328,MVSU,1490.6661532704009,79.58243517242107,92.83643553095013,0.34704005232609575,0.07020361813536814,1.4625000000000001,12.375,28.06420467086442,0.3044909350573979,0.4410564095314227,0.07979687864827474,0.0808744971659931,0.0,52.0,100.62010446017561,1,Current-season V3 state,
Missouri,SEC,fbs,https://cdn.collegefootballdata.com/logos/500/142.png,#f1b82d,MIZ,1596.8404238903113,107.87607526044995,134.99782820629392,0.45466211922877997,0.09769163012518818,2.574421823652345,12.529320581498649,36.94364025458745,0.40231786746168174,0.3249573042121618,0.07270460319335056,-0.20356385442790456,39.666666666666664,17.333333333333332,107.67635825148415,3,Current-season V3 state,22.0
Missouri State,Conference USA,fbs,https://cdn.collegefootballdata.com/logos/500/2623.png,#5e0009,MOST,1457.2029871534278,101.24368986718972,87.90751380121968,0.4444547029679245,0.11320849320190521,2.1361334670686163,10.953888061132913,28.183688821271378,0.37487623490755206,0.4863832210972797,0.06246860507884755,0.20186295283395816,24.0,31.333333333333332,104.20657046173312,3,Current-season V3 state,103.0
Monmouth,Coastal Athletic,fcs,https://cdn.collegefootballdata.com/logos/500/2405.png,#051844,MONM,1489.0220990362182,97.98928263577852,85.24133348452492,0.42432716813525695,0.06712256186262983,2.015318127121467,11.937127699154185,28.456733482128197,0.46619463501520797,0.4873547371204034,0.10508893940219374,0.2604016965768428,14.0,49.0,103.65565362037404,1,Current-season V3 state,
Montana,Big Sky,fcs,https://cdn.collegefootballdata.com/logos/500/149.png,#751D4A,MONT,1489.2445661242182,91.1491152012663,86.51373657146209,0.41481455565626046,0.06600331464220079,1.8967464868728494,12.047398174708,27.950792576329352,0.36208105137704694,0.43684230914914224,0.11244776528120737,0.17863683721165263,17.0,52.0,99.35121222339082,1,Current-season V3 state,
Montana State,Big Sky,fcs,https://cdn.collegefootballdata.com/logos/500/147.png,#00205c,MTST,1525.3357716407338,97.47415152851467,103.14274049749802,0.4219082025423657,0.06668872508497967,2.0525317401212537,11.009832761980686,29.608136303422206,0.39025099993217555,0.42624329014620754,0.0675372173976482,0.05666709989255869,20.0,7.0,102.0978624672965,1,Current-season V3 state,
Morgan State,MEAC,fcs,https://cdn.collegefootballdata.com/logos/500/2415.png,#014786,MORG,1480.4248854368768,75.05257899888711,81.29491911365163,0.3470494909831194,0.056371798903154025,1.3276166135055558,12.026484653336375,26.811737663017432,0.29926946962307105,0.5612441535179944,0.14251105291170046,0.4449729758483487,7.0,70.0,102.67465965007234,1,Current-season V3 state,
Murray State,MVFC,fcs,https://cdn.collegefootballdata.com/logos/500/93.png,#002148,MUR,1460.0203562990123,70.89556607498922,74.00634024345877,0.34900500088168035,0.05238010012903373,1.1498773883895304,11.229672795877391,24.599144363662518,0.24380787283314898,0.5505289976564364,0.13420517793259357,0.3495925947355168,7.0,48.5,100.00835735516148,2,Current-season V3 state,
NC State,ACC,fbs,https://cdn.collegefootballdata.com/logos/500/152.png,#cc0000,NCSU,1511.8340025818159,110.39540496664173,110.99257874702,0.45229963615472385,0.10287750968289866,2.8353847723436796,12.047755578461441,30.05343594276183,0.4777332519319305,0.4481752780111349,0.06728807021164256,0.13960378253748254,37.333333333333336,23.0,107.58838441782304,3,Current-season V3 state,68.0
Navy,American Athletic,fbs,https://cdn.collegefootballdata.com/logos/500/2426.png,#00225b,NAVY,1557.6641559782015,111.61811968325036,98.29604076193247,0.44086645400714364,0.08393395936988785,2.8222864845795272,10.635590322238109,28.3958005404468,0.4299666764106814,0.42957986842044094,0.11328413749860317,0.12988247596288863,36.0,26.5,95.9488706745775,2,Current-season V3 state,36.0
Nebraska,Big Ten,fbs,https://cdn.collegefootballdata.com/logos/500/158.png,#d00000,NEB,1551.6753357726154,131.08637836556636,135.74902486132368,0.5256891985521924,0.1272813308558743,3.637661670013629,10.513994568654136,28.50423380073307,0.5348397518344958,0.34658289433861655,0.04821739686484784,-0.04615502714826229,46.333333333333336,11.666666666666666,104.67291087315701,3,Current-season V3 state,42.0
Nevada,Mountain West,fbs,https://cdn.collegefootballdata.com/logos/500/2440.png,#041e42,NEV,1414.6165642833798,94.23038144143072,106.35336160901078,0.3997742124041633,0.0785960061263305,2.100582395468414,11.091675214397132,27.721685617000155,0.3915830923802606,0.41002339589950243,0.05228486850983398,0.05612668338833993,25.333333333333332,20.333333333333332,100.70770055603589,3,Current-season V3 state,122.0
New Hampshire,Coastal Athletic,fcs,https://cdn.collegefootballdata.com/logos/500/160.png,#004990,UNH,1481.4816044381432,76.03051967648918,81.33849957399613,0.3466959940234395,0.05634967068730119,1.4090588116376945,12.595084023216154,24.666626670587668,0.36238155158612767,0.5460732522243006,0.13249844203722116,0.33061785054157194,3.0,66.0,97.40161623670821,1,Current-season V3 state,
New Mexico,Mountain West,fbs,https://cdn.collegefootballdata.com/logos/500/167.png,#ba0c2f,UNM,1533.8090923044351,105.28925307426339,143.27289143313735,0.406366134514172,0.08119340518301893,2.544060608785867,12.036970630151036,38.70777673857618,0.38404602228524587,0.33148067903790057,0.05105114537968673,-0.07784251312809798,38.0,9.333333333333334,106.75544074237405,3,Current-season V3 state,53.0
New Mexico State,Conference USA,fbs,https://cdn.collegefootballdata.com/logos/500/166.png,#8c0b42,NMSU,1412.6135163716106,96.61908220936445,99.1759871503247,0.4234958293377322,0.08969423040060087,2.088172889340227,11.705685068217182,26.336994299018087,0.5148949649207859,0.40930051578901055,0.08020869695405361,-0.09540967168046857,29.0,25.666666666666668,100.31837370113989,3,Current-season V3 state,124.0
Nicholls,Southland,fcs,https://cdn.collegefootballdata.com/logos/500/2447.png,#C41230,NICH,1464.8914255971824,61.01199512883677,80.18906959249678,0.30250219669914713,0.04594260435520962,0.8522349774380489,12.743249420855527,27.13724638104742,0.2641658198501017,0.4997225743653756,0.08447406621812711,0.3705066632249947,1.5,65.0,99.14650148784119,2,Current-season V3 state,
Norfolk State,MEAC,fcs,https://cdn.collegefootballdata.com/logos/500/2450.png,#0c8968,NORF,1475.7591470793957,73.86573467623792,86.12761533708967,0.3674300529088633,0.04765647574509928,1.1340800681300716,11.860340387346472,32.38890635129013,0.31717879354167344,0.49515383465299717,0.1116698748067377,0.23545238854259473,6.5,45.0,110.66789640867015,2,Current-season V3 state,
North Alabama,UAC,fcs,https://cdn.collegefootballdata.com/logos/500/2453.png,#000000,UNA,1484.1355826603399,77.77891076330413,93.80675303557966,0.3618990993194343,0.058598372232371757,1.4431868672656838,12.274296493061527,27.564811099199705,0.2724259670465111,0.4494582219316518,0.09072992297927956,0.14463612208343718,14.0,31.0,99.80407849804122,1,Current-season V3 state,
North Carolina,ACC,fbs,https://cdn.collegefootballdata.com/logos/500/153.png,#7bafd4,UNC,1478.8073016930507,101.54797210494279,110.6970002624784,0.4731968656576862,0.07678255448816845,2.1920232653443614,10.463521651256954,28.83904363930842,0.39952185915791427,0.3991612104572033,0.058449201869659545,-0.17054436956570776,23.333333333333332,13.666666666666666,102.00748542651222,3,Current-season V3 state,90.0
North Carolina A&T,Coastal Athletic,fcs,https://cdn.collegefootballdata.com/logos/500/2448.png,#0505aa,NCAT,1477.2239090559724,78.0514768106016,79.36297174123946,0.33976630605579294,0.06010420579086225,1.4469017222262115,11.734153438198526,25.63212121788021,0.3466246324829223,0.535609676460587,0.17329229119693682,0.4929703285999518,10.0,59.0,100.4832813164063,1,Current-season V3 state,
North Carolina Central,MEAC,fcs,https://cdn.collegefootballdata.com/logos/500/2428.png,#880023,NCCU,1490.5939070208733,87.04992287371567,90.18946707131934,0.3772296074005492,0.07262282952279367,1.753677569780117,11.889198190104711,27.80944949846954,0.3706334910271609,0.47071083346644027,0.11479123393140894,0.2813595832194836,,,100.56928944494078,0,Current-season V3 state,
North Dakota,MVFC,fcs,https://cdn.collegefootballdata.com/logos/500/155.png,#00A26B,UND,1486.8575790055522,86.43618471605677,92.84340979221918,0.3694340016891103,0.07050285071871923,1.6778293708193108,11.387146661827124,29.46615157304531,0.2929041973397294,0.419486609231215,0.12267333611766834,0.22815090834084917,7.0,34.0,105.3869169398602,1,Current-season V3 state,
North Dakota State,Mountain West,fbs,https://cdn.collegefootballdata.com/logos/500/2449.png,#00583d,NDSU,1571.9641792817276,109.22014386217408,134.47534966538578,0.3982043601963314,0.07887696158795118,2.6918756375133412,10.428257485800001,29.75942024464408,0.4346703849206305,0.3821724225997951,0.06506955928923397,-0.026561470171699308,35.0,12.25,101.35412771477995,4,Current-season V3 state,30.0
North Texas,American Athletic,fbs,https://cdn.collegefootballdata.com/logos/500/249.png,#00853e,UNT,1553.9801701874785,116.36923778624433,88.7805054238833,0.45359741499318745,0.09984491582294637,2.867373600259846,11.266225098639001,28.698465284778585,0.51435485041738,0.43955748317787624,0.09999201336238173,0.3131713686204203,31.666666666666668,35.666666666666664,104.72546462244674,3,Current-season V3 state,39.0
Northern Arizona,Big Sky,fcs,https://cdn.collegefootballdata.com/logos/500/2464.png,#003976,NAU,1486.5236749805392,74.19316996344287,102.39108305785615,0.3300159939899071,0.0670741933681034,1.2555347953503069,11.565634064084737,26.670471101347157,0.29604102464745546,0.47566880033315906,0.09556024925464522,0.16596063138689945,7.0,35.0,102.874646315534,1,Current-season V3 state,
Northern Colorado,Big Sky,fcs,https://cdn.collegefootballdata.com/logos/500/2458.png,#13558D,UNCO,1485.0871662796756,84.17882312119313,97.78513695566656,0.3497166249963673,0.07408043701217869,1.662006997313753,11.613526814237556,27.364531346557108,0.34500118137499836,0.4293219089508688,0.06937415542438317,0.027797906608982816,13.0,21.0,98.14711052350296,1,Current-season V3 state,
Northern Illinois,Mountain West,fbs,https://cdn.collegefootballdata.com/logos/500/2459.png,#c8102e,NIU,1403.157018760906,82.5624253559503,91.5240844741363,0.3871227777184625,0.0707836283677061,1.4787612402468047,11.526405761047322,29.54206363790568,0.3589578387982363,0.4178092441401491,0.10665669250467742,-0.041918199982035345,13.666666666666666,36.666666666666664,106.77202213491937,3,Current-season V3 state,130.0
Northern Iowa,MVFC,fcs,https://cdn.collegefootballdata.com/logos/500/2460.png,#473282,UNI,1481.3410856383111,73.83049720136252,80.9132255040089,0.3716183817054761,0.05314898447601576,1.1090341286867114,11.777857470034593,29.56378495870281,0.37247815722508004,0.5588566305946137,0.11854452120787663,0.36330165790476265,0.0,55.0,114.52482322578162,1,Current-season V3 state,
Northwestern,Big Ten,fbs,https://cdn.collegefootballdata.com/logos/500/77.png,#582c83,NU,1532.5435325672101,114.36445342804787,117.07251510219064,0.48894857129548097,0.11917419868264581,2.832740739843617,11.517289712848564,31.779433370278284,0.4278128538005762,0.4320679434815283,0.06318166399247664,0.0807644722624479,37.5,12.5,107.45572952612892,2,Current-season V3 state,54.0
Northwestern State,Southland,fcs,https://cdn.collegefootballdata.com/logos/500/2466.png,#492F91,NWST,1472.24263544156,61.50272708527849,74.12243043991967,0.2517153429279272,0.056264315920961865,1.0558137845621507,13.24588217174517,25.617723874827917,0.2682241967400331,0.5685643630157102,0.20899792995100663,0.7208291619668511,6.0,80.0,102.26740930164846,1,Current-season V3 state,
Notre Dame,FBS Independents,fbs,https://cdn.collegefootballdata.com/logos/500/87.png,#0c2340,ND,1677.6736637162999,125.78509386368967,150.89013597916147,0.4824900041158302,0.10818117581697564,3.3586762213905916,10.382783686347151,35.89204939649839,0.451915099996295,0.32081865865012255,0.04688868674281521,-0.15071820389055635,40.0,7.666666666666667,108.69108053372466,3,Current-season V3 state,2.0
Ohio,Mid-American,fbs,https://cdn.collegefootballdata.com/logos/500/195.png,#024230,OHIO,1527.739024694203,98.59762912854522,86.50387678194063,0.45382054497129876,0.07315615833857506,2.1361060124706883,11.273619959860447,29.716277600244368,0.4944038542968776,0.4344726937810952,0.09789061777781152,0.22395908781264182,28.666666666666668,39.0,101.52762292054233,3,Current-season V3 state,57.0
Ohio State,Big Ten,fbs,https://cdn.collegefootballdata.com/logos/500/194.png,#ba0c2f,OSU,1661.132790322011,120.36432589600881,154.96552073249458,0.5034744295623256,0.08825633741881297,3.0553221952724603,11.794524001780664,31.632252631494286,0.3854180576414714,0.27104129501137875,0.02693107735180553,-0.34903532058830244,46.0,10.0,106.23416286875002,3,Current-season V3 state,5.0
Oklahoma,SEC,fbs,https://cdn.collegefootballdata.com/logos/500/201.png,#841617,OU,1579.5741147020601,96.4552165244621,146.4785112178103,0.4269676240328316,0.0925519923846531,1.9756532613475266,11.19191612120586,29.8733213529084,0.4494712494394359,0.31686297972097865,0.055346613568396624,-0.09551688899670023,25.0,7.666666666666667,116.64709493164571,3,Current-season V3 state,28.0
Oklahoma State,Big 12,fbs,https://cdn.collegefootballdata.com/logos/500/197.png,#fe5c00,OKST,1420.780492025938,102.86902657718116,120.84842286628609,0.437786272645039,0.08216600394085202,2.281798749879824,12.569791495506326,28.013199309941154,0.3777788231783869,0.3908379830657912,0.07292885644144256,0.028650885770435237,36.0,18.333333333333332,102.10704026351152,3,Current-season V3 state,119.0
Old Dominion,Sun Belt,fbs,https://cdn.collegefootballdata.com/logos/500/295.png,#043657,ODU,1520.960725703231,86.16503358807363,119.17288189650434,0.3704979365985702,0.11628342203115821,1.7941316396705882,12.634028995566876,30.43851542913787,0.4202449973017902,0.36085992014316315,0.05736877595931232,-0.0629708247737154,23.0,24.666666666666668,103.01136034378094,3,Current-season V3 state,61.0
Ole Miss,SEC,fbs,https://cdn.collegefootballdata.com/logos/500/145.png,#13294b,MISS,1658.784936564103,123.78662836114641,106.31572041514168,0.49763650847004737,0.08285500232919653,3.295298757800131,11.235149213379609,29.802693977145314,0.4532707087661225,0.3927798455597309,0.07364490430590484,0.12352794889833706,38.0,23.666666666666668,117.55108580023021,3,Current-season V3 state,6.0
Oregon,Big Ten,fbs,https://cdn.collegefootballdata.com/logos/500/2483.png,#007030,ORE,1633.404997719097,122.77727732371753,120.27177120197409,0.5100114359698565,0.1283316457597825,3.2400928255841204,12.585753357348608,35.898995396713836,0.4748600346910139,0.3440150096815514,0.0711120894049721,-0.10618325387818499,49.666666666666664,22.0,109.5618809033048,3,Current-season V3 state,12.0
Oregon State,Pac-12,fbs,https://cdn.collegefootballdata.com/logos/500/204.png,#dc4405,ORST,1402.3714437559843,103.59401541963922,102.32394793489829,0.3945548443202727,0.10442494105498751,2.4202586988393358,12.518153409845622,26.876306031148545,0.36928861512155425,0.4222153786120235,0.06345678953931973,0.13078307914009038,32.0,28.333333333333332,110.26430520376873,3,Current-season V3 state,131.0
Penn State,Big Ten,fbs,https://cdn.collegefootballdata.com/logos/500/213.png,#001e44,PSU,1630.5797300317165,118.64806291209638,147.8971355881121,0.45952028923428884,0.13217632838433171,2.8421679241865787,11.684027644990403,36.15072432901124,0.4203941036574311,0.3087617351149685,0.037087338366546194,-0.16693515210402415,42.333333333333336,7.333333333333333,109.43283400947077,3,Current-season V3 state,14.0
Pittsburgh,ACC,fbs,https://cdn.collegefootballdata.com/logos/500/221.png,#003594,PITT,1569.8703825839855,110.8590968718807,128.75034434490317,0.46955961606625113,0.10108278210002847,2.521424374370474,11.504748636199345,31.786584414109853,0.4673407468945918,0.3578639317196266,0.08359383648059471,0.05908854465789588,32.666666666666664,11.333333333333334,112.60339401174652,3,Current-season V3 state,32.0
Portland State,Big Sky,fcs,https://cdn.collegefootballdata.com/logos/500/2502.png,#00311e,PRST,1469.850260508047,64.58232037568561,75.7828859700564,0.3051117683834992,0.07183762368699817,0.9250549622440654,13.16926057482374,30.093509121386113,0.26081964469524316,0.5395483894416911,0.1272780414025272,0.44809164052830086,10.0,68.5,103.45765826479035,2,Current-season V3 state,
Prairie View A&M,SWAC,fcs,https://cdn.collegefootballdata.com/logos/500/2504.png,#582c83,PV,1480.6425777119334,74.63139240126402,83.35553700164516,0.310705013529487,0.05918427606883584,1.3279423529517524,11.724691908595817,30.126358728037864,0.37936238344839135,0.503776018808388,0.10176321963466782,0.1721552585006501,3.0,44.0,104.33651250975663,1,Current-season V3 state,
Purdue,Big Ten,fbs,https://cdn.collegefootballdata.com/logos/500/2509.png,#ceb888,PUR,1401.8145706230193,117.36366122649636,84.71479636522905,0.47408220350242464,0.09732620918213927,2.910327273288221,11.067461808930458,31.31465833569066,0.4367793119286158,0.4462995229882438,0.10721417147381095,0.280410884616346,39.333333333333336,36.333333333333336,109.6202101244794,3,Current-season V3 state,132.0
Rhode Island,Coastal Athletic,fcs,https://cdn.collegefootballdata.com/logos/500/227.png,#091f3f,URI,1481.4898833123646,82.10716535283527,87.37370385538482,0.38129493775250756,0.0744551058233475,1.6146509099978865,11.786010450540156,25.83394262637018,0.392230197267053,0.44981752834160316,0.08895759229176814,0.11943873503196253,14.0,38.0,99.55926442809441,1,Current-season V3 state,
Rice,American Athletic,fbs,https://cdn.collegefootballdata.com/logos/500/242.png,#00205b,RICE,1415.8062393481307,88.27304202697822,96.56489515442549,0.37603229216975276,0.039957200223426775,1.7144250171924438,10.670531858564045,29.327412052046025,0.3228983878419135,0.44106535636403166,0.09182540577338738,0.17869667570660036,17.333333333333332,27.666666666666668,107.11659386522294,3,Current-season V3 state,121.0
Richmond,Patriot,fcs,https://cdn.collegefootballdata.com/logos/500/257.png,#9e0712,RICH,1481.2407527686432,70.5458200505483,73.50659098275322,0.35684565666990536,0.052002664491796975,1.1412304444013692,12.404523088070816,27.47799828002508,0.3064400636572143,0.531497645173247,0.162202473348243,0.5130302189736141,0.0,73.0,100.13595888133123,1,Current-season V3 state,
Robert Morris,NEC,fcs,https://cdn.collegefootballdata.com/logos/500/2523.png,#00214D,RMU,1478.2284009587477,75.55794965592548,85.2375657668768,0.3335202972163492,0.04970574202728774,1.378600883291659,11.954100195770723,27.728882038610337,0.3397301908650701,0.5105301120930106,0.09544601428200761,0.2252029196949047,10.0,45.0,97.90387051922629,1,Current-season V3 state,
Rutgers,Big Ten,fbs,https://cdn.collegefootballdata.com/logos/500/164.png,#ce0e2d,RUTG,1424.9765890148017,97.8004773919065,88.19827427346993,0.39012474620899296,0.07113196280748799,2.2147911154089828,10.936206760565943,28.046199719520928,0.4136633509096033,0.4686053918285402,0.07658467727119542,0.2102982553680987,25.666666666666668,35.666666666666664,106.6387948727572,3,Current-season V3 state,117.0
SE Louisiana,Southland,fcs,https://cdn.collegefootballdata.com/logos/500/2545.png,#215732,SELA,1485.3271922732808,79.04579331251145,86.28315208073853,0.3770547003466923,0.057571435438756556,1.4698815400924987,11.209267669745254,29.26288134332559,0.27724506339939936,0.46716259848596264,0.06770301824529182,-0.056123548129657246,26.0,37.0,99.34770182399589,2,Current-season V3 state,
SMU,ACC,fbs,https://cdn.collegefootballdata.com/logos/500/2567.png,#d70000,SMU,1591.0916891799982,114.86737967837149,115.32491512066322,0.5175376765450288,0.14114242671560795,2.7232002825252453,12.165149204630943,30.42885002450572,0.47379690543506714,0.3552776615394977,0.06643340130537013,0.03483674227031779,38.0,25.0,104.83535757443995,3,Current-season V3 state,24.0
Sacramento State,Mid-American,fbs,https://cdn.collegefootballdata.com/logos/500/16.png,#00573c,SAC,1442.1828968574807,83.57972760999338,101.53347275092402,0.4301651296914794,0.058109404407456745,1.4401030754823663,12.320859041083724,31.424468656178966,0.3693387839132848,0.4051537737376974,0.10448160559137909,0.24414316939405134,20.5,27.0,106.35448011778749,4,Current-season V3 state,108.0
Sacred Heart,Coastal Athletic,fcs,https://cdn.collegefootballdata.com/logos/500/2529.png,#a40012,SHU,1485.961504389017,87.2880245445513,87.81592135081806,0.41144604251332717,0.06337788688920169,1.6852164833124812,11.302806010000001,25.431529283027807,0.34310348418048486,0.5404220418815489,0.1334625820327996,0.30026662390597736,10.0,37.0,98.79676522511642,1,Current-season V3 state,
Sam Houston,Conference USA,fbs,https://cdn.collegefootballdata.com/logos/500/2534.png,#f56423,SHSU,1408.8658380446184,95.6252769501846,112.52400882514794,0.4334534836380378,0.08139698842039907,1.9845843377022963,12.596598996328046,25.522275917629244,0.416971811380798,0.3803138444790294,0.07732088283974431,-0.06495659242433027,32.333333333333336,15.666666666666666,100.75215245182667,3,Current-season V3 state,127.0
Samford,Southern,fcs,https://cdn.collegefootballdata.com/logos/500/2535.png,#005485,SAM,1487.3934161360978,77.13146355319432,95.17976406968111,0.32069778755060574,0.06426887941676579,1.480514210338454,12.4177990185141,26.468423298494592,0.31967683754388904,0.4208883626992298,0.09381463963756591,0.10845822309277481,,,101.40908784431767,0,Current-season V3 state,
San Diego State,Pac-12,fbs,https://cdn.collegefootballdata.com/logos/500/21.png,#a6192e,SDSU,1484.1509481522826,87.25392321269604,109.68900725285292,0.3955022413292726,0.04987929375233805,1.6851316901654314,12.099116895725649,31.464822341116772,0.3764918893537582,0.4141039272917466,0.07960650054604992,0.0491462839663944,25.333333333333332,24.666666666666668,106.64255546580134,3,Current-season V3 state,87.0
San José State,Mountain West,fbs,https://cdn.collegefootballdata.com/logos/500/23.png,#0055a2,SJSU,1430.7097423593616,84.41208655374393,101.16905921551907,0.41386651950120457,0.05163118932922642,1.4961383055222943,12.805021470543597,27.25506384098506,0.369232669170963,0.42719721458814935,0.04785144178442342,0.04305512839557519,23.25,27.25,105.9627992722234,4,Current-season V3 state,113.0
South Alabama,Sun Belt,fbs,https://cdn.collegefootballdata.com/logos/500/6.png,#00205b,USA,1485.3815932539217,113.28909714035628,91.70933086277597,0.4311794164813906,0.07688449176168305,2.730907706912307,10.796136336606022,30.50426477998453,0.49331861436220487,0.46777170414129277,0.11669442794743626,0.2768599842236795,34.666666666666664,26.0,98.96873839417762,3,Current-season V3 state,84.0
South Carolina,SEC,fbs,https://cdn.collegefootballdata.com/logos/500/2579.png,#73000a,SC,1506.0783632026635,118.3448369430843,135.41733336574288,0.46963782224850326,0.09548049082561665,3.1398743634255615,11.53022139031315,26.2596695737427,0.5050356475828333,0.3096799981589203,0.06289667483140765,-0.11482593665308098,45.333333333333336,16.666666666666668,104.57539551045762,3,Current-season V3 state,71.0
South Dakota,MVFC,fcs,https://cdn.collegefootballdata.com/logos/500/233.png,#CD1241,SDAK,1486.8118923527802,87.85524427275607,88.51560791851627,0.3726744536139087,0.07934030234836453,1.830668015361744,11.675479021035496,31.747329942360032,0.34069809619565994,0.490872206081045,0.0940470316958807,0.32271510565458633,24.0,38.0,101.07824887159971,1,Current-season V3 state,
South Dakota State,MVFC,fcs,https://cdn.collegefootballdata.com/logos/500/2571.png,#0033a0,SDST,1492.70952868146,96.21214555014546,92.60773219481595,0.4075256703949617,0.0766083231246186,1.9666812748307552,11.855637479255872,28.557093099599363,0.3927728968166625,0.4687700820706373,0.12424382669020254,0.3611074504943732,18.0,34.0,101.6082426160692,1,Current-season V3 state,
South Florida,American Athletic,fbs,https://cdn.collegefootballdata.com/logos/500/58.png,#006747,USF,1583.2197194801515,117.16208422326386,113.84946115033836,0.46976818899614764,0.0859699668157175,3.0388529252450054,10.84711287746864,32.20355277500245,0.5103391508729671,0.4204221722237448,0.08109611880454665,0.05741385138230592,35.333333333333336,16.666666666666668,103.58447999879628,3,Current-season V3 state,25.0
Southeast Missouri State,OVC,fcs,https://cdn.collegefootballdata.com/logos/500/2546.png,#c8102e,SEMO,1485.1104463886795,82.86132858470425,93.36181219495762,0.3616514990355948,0.0703760909383786,1.6038609105566155,12.127426911929186,29.235151104831566,0.37709010574127666,0.4145788539347832,0.10969622077290642,0.1743091380059628,10.0,38.0,101.18778212486569,1,Current-season V3 state,
Southern,SWAC,fcs,https://cdn.collegefootballdata.com/logos/500/2582.png,#004B97,SOU,1486.6273507095293,73.56482443430957,75.74607589674527,0.3161761524284072,0.06820089919399368,1.418133253788092,11.630971993085291,24.419167553522463,0.2732093384911974,0.5368534926361872,0.11935796887793745,0.43295719493581164,6.0,77.0,100.26844793556869,1,Current-season V3 state,
Southern Illinois,MVFC,fcs,https://cdn.collegefootballdata.com/logos/500/79.png,#85283D,SIU,1489.162679214248,85.33129903661337,87.60009789696593,0.3805985374988833,0.07356006565675355,1.631641956527338,11.362986864135497,25.960760953524378,0.3267425333124342,0.4896808900397258,0.10850862568780259,0.2667127436431654,10.0,48.0,99.11714735460578,1,Current-season V3 state,
Southern Miss,Sun Belt,fbs,https://cdn.collegefootballdata.com/logos/500/2572.png,#ffc72c,USM,1408.905769222357,94.21836282721799,100.35527157865818,0.40424999508103265,0.07361208325074801,2.011959196572216,12.082800814185413,26.072725592197326,0.3915782773408204,0.4033696036584572,0.06857079922917289,0.13305230045409244,25.666666666666668,31.333333333333332,102.41520798093838,3,Current-season V3 state,126.0
Southern Utah,Big Sky,fcs,https://cdn.collegefootballdata.com/logos/500/253.png,#c72026,SUU,1487.5107169433747,88.28995061822123,92.00429439567431,0.368119846791113,0.11571293895535961,1.8868378131783672,12.34839707781823,26.089496000208573,0.41718012353893713,0.46829908003846565,0.13245067819530282,0.4283954754028788,24.0,58.0,99.72859654103699,1,Current-season V3 state,
Stanford,ACC,fbs,https://cdn.collegefootballdata.com/logos/500/24.png,#8c1515,STAN,1429.7381312163886,80.91823144715534,94.1715693164,0.37666783346299293,0.058755513184240826,1.3366131257183906,11.63378079372503,26.560324249170975,0.36345563043979645,0.41443134442288854,0.06544063617590193,0.13196968471261533,16.666666666666668,35.666666666666664,111.1529550269942,3,Current-season V3 state,114.0
Stonehill,NEC,fcs,https://cdn.collegefootballdata.com/logos/500/284.png,#000000,STO,1489.3287982285633,83.10645879781251,98.78801296364533,0.31934526006194425,0.06984783055041255,1.8507142704770392,12.025,26.79985604330955,0.33724671708471693,0.40208426598246483,0.07826208212148611,0.03487519659764909,14.0,36.0,101.10264273880301,1,Current-season V3 state,
Stony Brook,Coastal Athletic,fcs,https://cdn.collegefootballdata.com/logos/500/2619.png,#990000,STBK,1477.1232917954433,79.2881585430104,83.58648259410515,0.3552955182643801,0.05586327936638566,1.4715165097668201,11.935963388070816,25.02921872411275,0.3186190672726132,0.45679074530822805,0.12993412873906035,0.2042659111956183,17.0,41.0,96.01810538324575,1,Current-season V3 state,
Syracuse,ACC,fbs,https://cdn.collegefootballdata.com/logos/500/183.png,#f76900,SYR,1434.6236790364644,92.40825771831331,116.35012449516896,0.3969247609792156,0.09313876958816965,1.7872246245965202,11.913580204582088,31.004809407908112,0.4599785952872567,0.3908736997138359,0.06653004052916309,0.05386317584993395,32.333333333333336,17.0,106.67946270172207,3,Current-season V3 state,110.0
TCU,Big 12,fbs,https://cdn.collegefootballdata.com/logos/500/2628.png,#4d1979,TCU,1569.7111800949913,108.77757008556681,133.66490100926254,0.48345404171995243,0.10066912802046238,2.483299626861796,11.645845813113812,30.777001215382324,0.3914072717032669,0.36510242059730935,0.05771153317193081,-0.04866038785786386,34.666666666666664,9.666666666666666,99.48761790449939,3,Current-season V3 state,33.0
Tarleton State,UAC,fcs,https://cdn.collegefootballdata.com/logos/500/2627.png,#000000,TAR,1523.5238912613966,94.46920839074791,106.15396240120096,0.3762918155521383,0.10350370733093825,1.9899822465137937,11.682128949961527,28.038903391425094,0.286352071868847,0.3901076220759606,0.09695212159902969,-0.015229407912059928,20.0,13.0,100.89827076091485,1,Current-season V3 state,
Temple,American Athletic,fbs,https://cdn.collegefootballdata.com/logos/500/218.png,#a41e35,TEM,1425.9342923617146,101.67578771167634,95.53359963733975,0.3791700540765826,0.07828481573909572,2.3629376340810717,10.758259119830246,30.050621514167076,0.41062050266376976,0.41810748011183374,0.08918355698943728,0.17851453922846217,31.666666666666668,30.0,108.53701468198025,3,Current-season V3 state,116.0
Tennessee,SEC,fbs,https://cdn.collegefootballdata.com/logos/500/2633.png,#ff8200,TENN,1607.9377292958627,129.49676709165186,126.36926071330876,0.5224097881577601,0.10406540441170531,3.5172884471378443,11.220675321156348,31.7798529925271,0.4932830686128188,0.36972108308273266,0.048309604228567005,-0.06277649700378388,47.666666666666664,14.0,106.31691183151601,3,Current-season V3 state,17.0
Tennessee State,OVC,fcs,https://cdn.collegefootballdata.com/logos/500/2634.png,#171796,TNST,1492.5147040752731,77.6451642189964,81.87050129986531,0.33715088485792566,0.05934143618320516,1.433613407711049,11.698290084584132,27.63705427470834,0.39847166762727493,0.5311191488319575,0.12646901068555563,0.2658833527827478,3.0,63.0,103.82489286663757,1,Current-season V3 state,
Tennessee Tech,Southern,fcs,https://cdn.collegefootballdata.com/logos/500/2635.png,#5A4099,TNTC,1487.8608816969943,92.67633788498254,85.15716774511324,0.4120148949736789,0.07456645832315044,1.8656754104876154,11.133961328772338,28.535571387119973,0.39758867706286305,0.47735498152206735,0.10415435656369292,0.17307316672463255,,,105.38704854832723,0,Current-season V3 state,
Texas,SEC,fbs,https://cdn.collegefootballdata.com/logos/500/251.png,#bf5700,TEX,1655.7794053778568,124.37632476198918,130.1088243557431,0.4614999088264771,0.07286848883738473,3.339080231683822,11.245549357718932,33.003458082669425,0.5613941095507066,0.37072345682682195,0.055303599716262156,-0.022630483136935015,37.666666666666664,12.0,114.24648949313176,3,Current-season V3 state,7.0
Texas A&M,SEC,fbs,https://cdn.collegefootballdata.com/logos/500/245.png,#500000,TA&M,1594.7070804880204,112.7059605964647,132.88034545213574,0.4547713139833641,0.05108105473075579,2.78598421383245,11.778441049148796,35.19501909035036,0.44308854720232665,0.3089867530615052,0.07355391254864765,-0.299737093695165,39.666666666666664,17.0,108.26148295967518,3,Current-season V3 state,23.0
Texas Southern,SWAC,fcs,https://cdn.collegefootballdata.com/logos/500/2640.png,#860038,TXSO,1474.4949795989194,72.46385192005545,89.57216162672096,0.3194267024887867,0.046862559849456,1.2687472016749923,11.865345675283514,25.133918736468964,0.3346082661789019,0.5453237032129761,0.12502160863366402,0.5652587116459106,10.0,51.0,98.14220990004713,1,Current-season V3 state,
Texas State,Pac-12,fbs,https://cdn.collegefootballdata.com/logos/500/326.png,#501214,TXST,1515.2894036494724,110.71462470114861,83.90592889366282,0.49409478236869736,0.10253781253308936,2.4495893906140807,11.666088032340122,30.21260381669091,0.5359383391974062,0.43655080605864327,0.07423740659288734,0.10925075328223255,27.333333333333332,41.666666666666664,103.27646825815272,3,Current-season V3 state,64.0
Texas Tech,Big 12,fbs,https://cdn.collegefootballdata.com/logos/500/2641.png,#c30020,TTU,1635.9385936227116,100.97624636280658,128.7006262650864,0.4156880905185508,0.08813695790906206,2.222604446367042,12.352192502200284,30.870523636686116,0.5096330485297774,0.33959495093549924,0.05778150289071714,-0.02987911829029203,32.0,20.0,105.12872336454764,3,Current-season V3 state,11.0
The Citadel,Southern,fcs,https://cdn.collegefootballdata.com/logos/500/2643.png,#7badd3,CIT,1503.7410608983378,92.93277759680313,85.55535541550255,0.38123759905764987,0.08252571112366787,2.099257021064614,12.525811183606894,33.086169068089035,0.429575016940665,0.5221719349359509,0.10303683125234793,0.3254834976567772,43.0,41.0,100.7667813056512,1,Current-season V3 state,
Toledo,Mid-American,fbs,https://cdn.collegefootballdata.com/logos/500/2649.png,#0b2240,TOL,1534.980891512275,115.82684370446906,109.35819160048744,0.4712224524233151,0.13560411251863538,3.023171715803007,11.708954666585392,32.45406473962378,0.4319197244235997,0.3221539417959067,0.061006530125152864,-0.06430364943791433,44.0,29.333333333333332,102.27848540212693,3,Current-season V3 state,51.0
Towson,Coastal Athletic,fcs,https://cdn.collegefootballdata.com/logos/500/119.png,#FFC229,TOW,1476.6311542770752,81.95367627520926,82.90582909209925,0.32876955908180894,0.08270661340817495,1.651391011821885,11.67761751706631,25.992855385111632,0.2780132673042609,0.49746201987807037,0.08761471772645332,0.27448442350933266,12.0,43.5,109.75455146132929,2,Current-season V3 state,
Troy,Sun Belt,fbs,https://cdn.collegefootballdata.com/logos/500/2653.png,#862633,TROY,1508.33996179236,87.20633059102755,120.25407663471653,0.3887543211320538,0.0803892390018323,1.704004420007934,12.723069571298332,27.71975520190584,0.3555811063770831,0.3533283385375797,0.052274688773684415,-0.09379445322665975,25.0,21.666666666666668,105.14188271791593,3,Current-season V3 state,70.0
Tulane,American Athletic,fbs,https://cdn.collegefootballdata.com/logos/500/2655.png,#006747,TULN,1546.8301000392337,94.38131416598587,102.43176825122067,0.37203909329787543,0.07800979561389909,2.010480962661038,10.694302705910745,26.9922393683999,0.4234739424260353,0.3881435491227083,0.07957549287236024,0.09030633794676306,17.0,24.0,111.2206958044385,3,Current-season V3 state,45.0
Tulsa,American Athletic,fbs,https://cdn.collegefootballdata.com/logos/500/202.png,#003595,TLSA,1464.860131558291,100.71470595943256,129.3680331588582,0.4340565872521209,0.07605498938348441,2.2200506691868647,11.701266766185018,30.181743299738926,0.27886376924280076,0.4198384582071685,0.08503725331292598,0.07011942591910462,29.666666666666668,9.0,97.20707775457542,3,Current-season V3 state,98.0
UAB,American Athletic,fbs,https://cdn.collegefootballdata.com/logos/500/5.png,#1a5632,UAB,1416.479322780278,101.25269234507716,91.32203065291662,0.4299516905236887,0.04966729899928961,2.1307017608139898,10.203050498149574,29.28137972176804,0.46816479386620735,0.43984223904175956,0.05906514390937945,0.12057580279219161,21.0,27.666666666666668,102.37536245594144,3,Current-season V3 state,120.0
UAlbany,Coastal Athletic,fcs,https://cdn.collegefootballdata.com/logos/500/399.png,#3D2777,UALB,1486.1071151896708,82.88542314161924,101.65033798441148,0.3399161873188993,0.06460392811521184,1.623573970402503,12.158618431558715,27.40492234518915,0.3272053168912376,0.37284412694065827,0.07216672869779707,0.001092524404591868,17.0,21.0,102.68488174027371,1,Current-season V3 state,
UC Davis,Big Sky,fcs,https://cdn.collegefootballdata.com/logos/500/302.png,#002855,UCD,1486.937486430395,77.3214533959767,81.41423283237116,0.3258832469750732,0.057841859800254525,1.4482654854129613,12.118170559595166,27.06755544133464,0.31208602896920024,0.5315089188769544,0.1628670748625889,0.39672650950723265,10.0,56.0,102.65809190189489,1,Current-season V3 state,
UCF,Big 12,fbs,https://cdn.collegefootballdata.com/logos/500/2116.png,#000000,UCF,1486.6826348728346,109.9338039744953,125.81994521945064,0.4771867824582028,0.10553532958031563,2.776422713440497,12.124416636554868,36.18813308309788,0.40497380925565496,0.3229115973040648,0.0984116028063727,-0.30536146881572535,41.333333333333336,16.0,108.57511211952482,3,Current-season V3 state,83.0
UCLA,Big Ten,fbs,https://cdn.collegefootballdata.com/logos/500/26.png,#2774ae,UCLA,1521.2238459485493,115.67276624131134,110.99108592169709,0.4999145874472119,0.14155764665742912,2.845114579692635,12.10733401994721,33.880365206581715,0.5071343758308497,0.35948148183202,0.08161336805339507,0.10747030581573346,41.666666666666664,24.0,106.13637315374955,3,Current-season V3 state,60.0
UConn,FBS Independents,fbs,https://cdn.collegefootballdata.com/logos/500/41.png,#000e2f,CONN,1521.4940983376075,107.26172129704358,111.26751453504559,0.45609199702131675,0.11402570827881747,2.473491676976114,12.242078212993812,31.642320810677838,0.44558407794130117,0.3783991022764287,0.06264728046400915,-0.05295250948315167,39.333333333333336,21.666666666666668,102.84974151614652,3,Current-season V3 state,59.0
UL Monroe,Sun Belt,fbs,https://cdn.collegefootballdata.com/logos/500/2433.png,#840029,ULM,1362.726519379747,83.03840228376194,90.12048789859486,0.36713598973018724,0.047551133526918275,1.6680325167697183,12.209430365102595,28.437524638146666,0.3205836530788011,0.45397148089331874,0.07418019978424181,0.10051187228111685,22.666666666666668,42.0,94.30832192145402,3,Current-season V3 state,137.0
UNLV,Mountain West,fbs,https://cdn.collegefootballdata.com/logos/500/2439.png,#cf0a2c,UNLV,1538.594239613345,87.92401964359523,104.24941657178198,0.4124580864636571,0.08334157177649888,1.6054243214205612,11.970683689029709,27.25281395501092,0.3835954352086145,0.38950475154368486,0.08194533055047777,0.0344657870590604,16.0,25.666666666666668,100.02168210813116,3,Current-season V3 state,49.0
USC,Big Ten,fbs,https://cdn.collegefootballdata.com/logos/500/30.png,#990000,USC,1630.358836719386,137.49435778574522,109.56145766444857,0.548047571433671,0.0853390271334218,3.7824129951859993,9.976029923393885,32.21575991878041,0.6328695091129519,0.35848723271793653,0.05252490377680447,0.03191315974564094,43.0,22.75,108.02849550334739,4,Current-season V3 state,15.0
UT Martin,OVC,fcs,https://cdn.collegefootballdata.com/logos/500/2630.png,#FF6700,UTM,1472.9582123754772,77.71686036485383,75.89969272235246,0.35569462508988603,0.054131612636409615,1.289635904592036,11.054383256363927,26.053470864925288,0.4414839063794134,0.4972396327160225,0.11606409875307383,0.45852327823401795,14.0,48.5,98.50629597470385,2,Current-season V3 state,
UT Rio Grande Valley,Southland,fcs,https://cdn.collegefootballdata.com/logos/500/292.png,#null,RGV,1492.6410995930146,94.66125219236153,91.96489921679533,0.42697576347507604,0.09270157571195428,1.9160746325709637,12.025,25.63006315141839,0.39577398540775555,0.4892434651802729,0.1217024102494643,0.3116976423171078,16.0,45.0,101.96669355840865,1,Current-season V3 state,
UTEP,Mountain West,fbs,https://cdn.collegefootballdata.com/logos/500/2638.png,#ff8200,UTEP,1391.458906667422,81.16569180584507,92.20772347872446,0.43567711571765155,0.08117047248518178,1.4250207810897297,12.17409110621088,32.20377403417966,0.3103724722356978,0.4392193397306662,0.07456245699355757,0.14271421873999443,22.666666666666668,37.666666666666664,106.6287210386509,3,Current-season V3 state,136.0
UTSA,American Athletic,fbs,https://cdn.collegefootballdata.com/logos/500/2636.png,#0c2340,UTSA,1541.2909722898864,100.99913323922145,107.47649007559058,0.44525865441471824,0.0787948722157853,2.231004886858303,11.554100432326077,30.46772337517636,0.2674320158280741,0.42661640889758345,0.06503539208432312,0.027944682287250888,27.333333333333332,24.0,102.27123181884524,3,Current-season V3 state,47.0
Utah,Big 12,fbs,https://cdn.collegefootballdata.com/logos/500/254.png,#be0000,UTAH,1631.0610742608678,128.73838193339097,149.60426354225095,0.48388769791368047,0.08477333740618233,3.633632135109657,11.863650357262529,34.225559655494145,0.5839896664560293,0.2893318207974133,0.04745156597715877,-0.04520076236885068,47.333333333333336,8.0,105.70691240442383,3,Current-season V3 state,13.0
Utah State,Pac-12,fbs,https://cdn.collegefootballdata.com/logos/500/328.png,#0f2439,USU,1432.9995113116358,79.17928724732474,110.49460835201721,0.3825702915978342,0.07984937941617787,1.286475228807013,11.897801550361171,31.92023229749798,0.44159875570866564,0.36349354061431294,0.054546917444631415,0.05324307911592899,10.333333333333334,26.0,114.16226607376261,3,Current-season V3 state,112.0
Utah Tech,Big Sky,fcs,https://cdn.collegefootballdata.com/logos/500/3101.png,#000000,UTU,1489.0260306402845,77.9345723593083,79.60759109122107,0.3294922800502267,0.07719559253870166,1.5362504599256095,12.356232328745502,27.402416808990026,0.38497603887441545,0.5135433554918594,0.11896730777701375,0.29332118688995173,7.0,63.0,101.69052585697955,1,Current-season V3 state,
VMI,Southern,fcs,https://cdn.collegefootballdata.com/logos/500/2678.png,#ae122a,VMI,1480.2299844870456,68.08644712472389,77.10644906054257,0.2958463739599102,0.06771272877429747,1.1909588979102526,12.724520151793866,26.03172112207608,0.26588545368065875,0.5788104166727647,0.11537259378137385,0.48986477578601456,3.0,73.0,99.14036775813867,1,Current-season V3 state,
Vanderbilt,SEC,fbs,https://cdn.collegefootballdata.com/logos/500/238.png,#000000,VAN,1597.626233648248,113.05066132959537,115.21311488984038,0.4891498933785394,0.07742999156949659,2.6484010445024833,11.013710025323078,30.471543551520217,0.4076503443855465,0.3720950670769406,0.058386810191062746,-0.07949600975437916,32.666666666666664,22.0,113.18341827241609,3,Current-season V3 state,21.0
Villanova,Patriot,fcs,https://cdn.collegefootballdata.com/logos/500/222.png,#00205b,VILL,1486.1219266745793,82.88004172041225,82.38493813350863,0.36421115689668626,0.0667395205622189,1.631820942321244,11.348846407286796,25.41335367132881,0.35825215699728324,0.49525999754464833,0.1252491569494501,0.31548502213664215,13.0,59.0,105.77757863264782,1,Current-season V3 state,
Virginia,ACC,fbs,https://cdn.collegefootballdata.com/logos/500/258.png,#232d4b,UVA,1549.5570338342604,114.10556841451756,133.14851191464007,0.4885868910524544,0.10971156449201375,2.818469216073881,12.034123463432511,32.82707310718798,0.3968812554261403,0.32631702278013,0.048250960443670145,-0.19408605775063364,40.0,16.333333333333332,104.77656807692031,3,Current-season V3 state,44.0
Virginia Tech,ACC,fbs,https://cdn.collegefootballdata.com/logos/500/259.png,#861f41,VT,1505.6589666722646,126.81667072119134,114.4260006614111,0.5438906181743013,0.08385387109028797,3.0302837497918462,11.273825023161812,35.734621749120066,0.5004739863430089,0.3424452155245896,0.10032072358762875,-0.017837472580996147,50.666666666666664,16.666666666666668,117.68662262682892,3,Current-season V3 state,72.0
Wagner,NEC,fcs,https://cdn.collegefootballdata.com/logos/500/2681.png,#00483A,WAG,1462.4127827801183,61.0283859778077,71.9231440807176,0.26913795290640535,0.03464124579600855,0.8735219788533004,13.247702895444743,28.780763781729362,0.305196263249666,0.5685332960509677,0.1439228083286843,0.5745917393732479,5.0,68.0,100.73987577481631,2,Current-season V3 state,
Wake Forest,ACC,fbs,https://cdn.collegefootballdata.com/logos/500/154.png,#ceb888,WAKE,1523.9102514825947,118.22665536724513,100.96544408477686,0.4379577549073949,0.11366948474168374,3.033653129756101,10.845283573641131,30.920569187136124,0.44585839881295186,0.40236909522869035,0.04597500573187138,0.07051713661930441,32.0,28.333333333333332,110.69443867189665,3,Current-season V3 state,58.0
Washington,Big Ten,fbs,https://cdn.collegefootballdata.com/logos/500/264.png,#33006f,WASH,1600.1200562501065,108.64850380358064,131.57696553827833,0.4482670236192508,0.09117811377483685,2.4949488460981795,11.616060329395077,33.13532191463651,0.4248044218121371,0.3634878448522806,0.0596063269035818,-0.016918084543153848,29.333333333333332,13.333333333333334,105.35762081706098,3,Current-season V3 state,20.0
Washington State,Pac-12,fbs,https://cdn.collegefootballdata.com/logos/500/265.png,#a60f2d,WSU,1495.5749761111933,86.00755461477576,110.48639607047522,0.4258758148270465,0.05825252271942395,1.5620046953058881,11.164584684411086,28.11109239568336,0.31585820222469224,0.40648311914850666,0.09803149611755835,0.20035714789928263,21.666666666666668,21.666666666666668,106.9868473331111,3,Current-season V3 state,78.0
Weber State,Big Sky,fcs,https://cdn.collegefootballdata.com/logos/500/2692.png,#18005a,WEB,1483.44804936415,79.02837506361352,84.2763226128103,0.34556067570757565,0.05255662454734371,1.460030426320275,12.475708875451549,30.45280747549588,0.3647964122188999,0.5116301191992954,0.13230744629607646,0.438754918122692,21.0,52.0,105.28639989789939,1,Current-season V3 state,
West Georgia,UAC,fcs,https://cdn.collegefootballdata.com/logos/500/2698.png,#0033a1,WGA,1482.199447308047,69.09280240594636,79.41355216779235,0.30675129155272285,0.05826232081371692,1.1682807999636455,12.325,27.3478382566309,0.3135263999688391,0.5572162370093003,0.10529612167271593,0.3489416227098883,3.5,49.5,98.97565861453401,2,Current-season V3 state,
West Virginia,Big 12,fbs,https://cdn.collegefootballdata.com/logos/500/277.png,#eaaa00,WVU,1515.0301580388111,108.71359430805192,114.42736526123524,0.38189438104267076,0.09396884750329322,2.8544974977679884,12.735336238308586,32.24534101930622,0.521237230797355,0.3886816490219423,0.08191990492646928,0.06878915803202557,40.333333333333336,19.333333333333332,115.86212611458288,3,Current-season V3 state,65.0
Western Carolina,Southern,fcs,https://cdn.collegefootballdata.com/logos/500/2717.png,#492F91,WCU,1481.39228186998,82.18846663115217,75.8808165072918,0.37985024693270814,0.058184557315156725,1.5159943185201668,12.207097490251474,26.021883227738023,0.30319780934791823,0.5524832246859586,0.1567390683704925,0.45425979751974854,10.0,62.0,101.77306888446118,1,Current-season V3 state,
Western Illinois,OVC,fcs,https://cdn.collegefootballdata.com/logos/500/2710.png,#4e1e8a,WIU,1472.6896890207834,78.26423534907038,81.00477607470404,0.35067446092477716,0.053255092308309424,1.3122523631539407,11.004564229904588,25.183451605507074,0.32243102096911597,0.5260321706189841,0.15959352846473635,0.5293482142246844,9.0,36.0,100.99292510653166,1,Current-season V3 state,
Western Kentucky,Conference USA,fbs,https://cdn.collegefootballdata.com/logos/500/98.png,#c60c30,WKU,1471.8034176993838,76.26579196197375,89.64366033693862,0.3563744384189425,0.04889321244582516,1.2463016340428796,13.304588368910554,31.131052030306215,0.41764889799095894,0.4426588282780229,0.1295343010442877,0.4051097906502855,11.333333333333334,52.333333333333336,115.79860912409022,3,Current-season V3 state,95.0
Western Michigan,Mid-American,fbs,https://cdn.collegefootballdata.com/logos/500/2711.png,#532e1f,WMU,1550.9688239526902,99.87652450985308,117.10852054440615,0.379228536903629,0.06297529212868913,2.4045522495784972,11.405549480661211,32.794816661513515,0.43822196246938055,0.36919633302559424,0.0467998636724898,-0.04620868825461049,29.666666666666668,16.0,100.20455372775187,3,Current-season V3 state,43.0
William & Mary,Patriot,fcs,https://cdn.collegefootballdata.com/logos/500/2729.png,#115740,W&M,1493.177545303655,91.32047906326837,91.66119950169535,0.3848273683327943,0.09787243746517488,1.9432377717932363,11.872629948493564,28.37906606785957,0.34250618996838206,0.46120196261760327,0.10236009734008797,0.15670393925827578,,,101.10933585872095,0,Current-season V3 state,
Wisconsin,Big Ten,fbs,https://cdn.collegefootballdata.com/logos/500/275.png,#a00000,WIS,1486.9212548613252,105.9431932260282,112.79921187113706,0.47516141961349045,0.13877899440112543,2.336644453281811,10.041788363833172,31.310257793195607,0.45273353231039315,0.36922569135431177,0.03729921687658337,0.0017232187918035137,34.333333333333336,20.0,105.54744709338595,3,Current-season V3 state,82.0
Wofford,Southern,fcs,https://cdn.collegefootballdata.com/logos/500/2747.png,#533B23,WOF,1479.6935341871042,73.19207952259381,88.83010151512114,0.3100720797183204,0.058864990045149154,1.396232957156204,12.021932183632547,28.776135466337166,0.2330966358963153,0.46280772547724247,0.10593401474260238,0.08435919001243312,15.0,36.0,95.71401461151251,1,Current-season V3 state,
Wyoming,Mountain West,fbs,https://cdn.collegefootballdata.com/logos/500/2751.png,#492f24,WYO,1410.7768005973624,76.5112215202493,95.05917871725612,0.348850932532795,0.054613544602328465,1.299962988093847,10.939592575119057,28.068234292160597,0.3263527196761586,0.4134549426810952,0.07282111050767252,0.017097509229950274,14.666666666666666,24.0,99.83104094575926,3,Current-season V3 state,125.0
Youngstown State,MVFC,fcs,https://cdn.collegefootballdata.com/logos/500/2754.png,#E51936,YSU,1482.5405541406221,95.45680214185558,80.48597351456075,0.40587809250094786,0.07086859929775209,1.9483500897623287,10.471359466520816,26.48391292337856,0.45424855275012516,0.4980843032552441,0.11190728821411,0.272392876545541,13.0,45.0,101.72377290803797,1,Current-season V3 state,
