captured_at_utc,capture_timing,hours_to_kickoff_at_capture,season,week,season_type,cfbd_game_id,start_date_utc,home_team,away_team,provider,spread,spread_favourite,formatted_spread,spread_open,over_under,over_under_open,home_moneyline,away_moneyline
2026-09-14T12:29:59.145879+00:00,historical_market_backfill,-212.4998,2026,1,regular,401856634,2026-09-05 16:00:00+00:00,Alabama,East Carolina,DraftKings,-27.5,Alabama,Alabama -27.5,-25.5,52.5,,-5000.0,1800.0
2026-09-14T12:29:59.145879+00:00,historical_market_backfill,-208.2498,2026,1,regular,401856635,2026-09-05 20:15:00+00:00,Arkansas,North Alabama,DraftKings,-40.5,Arkansas,Arkansas -40.5,-40.5,63.5,63.5,,
2026-09-14T12:29:59.145879+00:00,historical_market_backfill,-208.9998,2026,1,regular,401856636,2026-09-05 19:30:00+00:00,Auburn,Baylor,DraftKings,-6.5,Auburn,Auburn -6.5,-6.5,58.5,,-270.0,220.0
2026-09-14T12:29:59.145879+00:00,historical_market_backfill,-204.7498,2026,1,regular,401856637,2026-09-05 23:45:00+00:00,Florida,Florida Atlantic,DraftKings,-25.5,Florida,Florida -25.5,-25.5,59.5,,-2400.0,1200.0
2026-09-14T12:29:59.145879+00:00,historical_market_backfill,-209.4998,2026,1,regular,401856658,2026-09-05 19:00:00+00:00,Georgia,Tennessee State,DraftKings,-49.5,Georgia,Georgia -49.5,-46.5,55.5,56.5,,
2026-09-14T12:29:59.145879+00:00,historical_market_backfill,-211.4998,2026,1,regular,401856659,2026-09-05 17:00:00+00:00,Kentucky,Youngstown State,DraftKings,-22.5,Kentucky,Kentucky -22.5,-23.5,61.5,62.5,-1600.0,900.0
2026-09-14T12:29:59.145879+00:00,historical_market_backfill,-204.9998,2026,1,regular,401856660,2026-09-05 23:30:00+00:00,LSU,Clemson,DraftKings,-10.0,LSU,LSU -10,,48.5,,-410.0,320.0
2026-09-14T12:29:59.145879+00:00,historical_market_backfill,-180.9998,2026,1,regular,401856661,2026-09-06 23:30:00+00:00,Ole Miss,Louisville,DraftKings,-6.5,Ole Miss,Ole Miss -6.5,,55.5,,-258.0,210.0
2026-09-14T12:29:59.145879+00:00,historical_market_backfill,-204.9998,2026,1,regular,401856662,2026-09-05 23:30:00+00:00,Mississippi State,UL Monroe,DraftKings,-28.5,Mississippi State,Mississippi State -28.5,-28.5,54.5,,-4000.0,1600.0
2026-09-14T12:29:59.145879+00:00,historical_market_backfill,-252.4998,2026,1,regular,401856663,2026-09-04 00:00:00+00:00,Missouri,Arkansas-Pine Bluff,DraftKings,-55.5,Missouri,Missouri -55.5,-54.5,62.5,60.5,,
2026-09-14T12:29:59.145879+00:00,historical_market_backfill,-228.4998,2026,1,regular,401856664,2026-09-05 00:00:00+00:00,Oklahoma,UTEP,DraftKings,-40.5,Oklahoma,Oklahoma -40.5,-40.5,51.5,,,
2026-09-14T12:29:59.145879+00:00,historical_market_backfill,-211.7498,2026,1,regular,401856665,2026-09-05 16:45:00+00:00,South Carolina,Kent State,DraftKings,-35.5,South Carolina,South Carolina -35.5,-33.5,53.5,,-50000.0,4000.0
2026-09-14T12:29:59.145879+00:00,historical_market_backfill,-208.9998,2026,1,regular,401856666,2026-09-05 19:30:00+00:00,Tennessee,Furman,DraftKings,-49.5,Tennessee,Tennessee -49.5,-46.5,66.5,66.5,,
2026-09-14T12:29:59.145879+00:00,historical_market_backfill,-208.9998,2026,1,regular,401856667,2026-09-05 19:30:00+00:00,Texas,Texas State,DraftKings,-29.5,Texas,Texas -29.5,-30.5,60.5,,-9000.0,2500.0
2026-09-14T12:29:59.145879+00:00,historical_market_backfill,-205.4998,2026,1,regular,401856668,2026-09-05 23:00:00+00:00,Texas A&M,Missouri State,DraftKings,-38.5,Texas A&M,Texas A&M -38.5,-38.5,53.5,,,
2026-09-14T12:29:59.145879+00:00,historical_market_backfill,-205.4998,2026,1,regular,401856669,2026-09-05 23:00:00+00:00,Vanderbilt,Austin Peay,DraftKings,-28.5,Vanderbilt,Vanderbilt -28.5,-30.5,57.5,61.5,-6500.0,2000.0
2026-09-14T12:29:59.145879+00:00,historical_market_backfill,-34.2498,2026,2,regular,401856670,2026-09-13 02:15:00+00:00,Utah,Arkansas,DraftKings,-12.5,Utah,Utah -12.5,-9.5,55.5,54.5,-500.0,380.0
2026-09-14T12:29:59.145879+00:00,historical_market_backfill,-36.7498,2026,2,regular,401856671,2026-09-12 23:45:00+00:00,Auburn,Southern Miss,DraftKings,-32.5,Auburn,Auburn -32.5,-29.5,56.5,52.5,-10000.0,3000.0
2026-09-14T12:29:59.145879+00:00,historical_market_backfill,-38.9998,2026,2,regular,401856672,2026-09-12 21:30:00+00:00,Florida,Campbell,DraftKings,-51.5,Florida,Florida -51.5,-49.5,66.5,65.5,,
2026-09-14T12:29:59.145879+00:00,historical_market_backfill,-43.7498,2026,2,regular,401856673,2026-09-12 16:45:00+00:00,Georgia,Western Kentucky,DraftKings,-40.5,Georgia,Georgia -40.5,-35.5,55.5,52.5,,
2026-09-14T12:29:59.145879+00:00,historical_market_backfill,-40.9998,2026,2,regular,401856674,2026-09-12 19:30:00+00:00,Kentucky,Alabama,DraftKings,8.5,Alabama,Alabama -8.5,10.5,46.5,,285.0,-360.0
2026-09-14T12:29:59.145879+00:00,historical_market_backfill,-36.7498,2026,2,regular,401856676,2026-09-12 23:45:00+00:00,Ole Miss,Charlotte,DraftKings,-44.5,Ole Miss,Ole Miss -44.5,-46.5,59.5,61.5,,
2026-09-14T12:29:59.145879+00:00,historical_market_backfill,-40.9998,2026,2,regular,401856677,2026-09-12 19:30:00+00:00,Minnesota,Mississippi State,DraftKings,-1.5,Minnesota,Minnesota -1.5,-2.5,54.5,,-110.0,-110.0
2026-09-14T12:29:59.145879+00:00,historical_market_backfill,-60.4998,2026,2,regular,401856678,2026-09-12 00:00:00+00:00,Kansas,Missouri,DraftKings,4.0,Missouri,Missouri -4,7.0,51.5,52.5,160.0,-192.0
2026-09-14T12:29:59.145879+00:00,historical_market_backfill,-44.4998,2026,2,regular,401856679,2026-09-12 16:00:00+00:00,Michigan,Oklahoma,DraftKings,5.5,Oklahoma,Oklahoma -5.5,-1.5,43.5,46.5,170.0,-205.0
2026-09-14T12:29:59.145879+00:00,historical_market_backfill,-37.4998,2026,2,regular,401856680,2026-09-12 23:00:00+00:00,South Carolina,Towson,DraftKings,-44.5,South Carolina,South Carolina -44.5,-43.5,57.5,54.5,,
2026-09-14T12:29:59.145879+00:00,historical_market_backfill,-37.4998,2026,2,regular,401856681,2026-09-12 23:00:00+00:00,Georgia Tech,Tennessee,DraftKings,12.5,Tennessee,Tennessee -12.5,8.5,55.5,,370.0,-485.0
2026-09-14T12:29:59.145879+00:00,historical_market_backfill,-36.9998,2026,2,regular,401856682,2026-09-12 23:30:00+00:00,Texas,Ohio State,DraftKings,-2.5,Texas,Texas -2.5,-1.5,50.5,,-142.0,120.0
2026-09-14T12:29:59.145879+00:00,historical_market_backfill,-44.4998,2026,2,regular,401856683,2026-09-12 16:00:00+00:00,Texas A&M,Arizona State,DraftKings,-14.5,Texas A&M,Texas A&M -14.5,-14.5,51.5,51.5,-750.0,525.0
2026-09-14T12:29:59.145879+00:00,historical_market_backfill,-40.2498,2026,2,regular,401856684,2026-09-12 20:15:00+00:00,Vanderbilt,Delaware,DraftKings,-20.5,Vanderbilt,Vanderbilt -20.5,-21.5,54.5,55.5,-1350.0,800.0
2026-09-14T12:29:59.145879+00:00,pregame,127.0002,2026,3,regular,401856685,2026-09-19 19:30:00+00:00,Alabama,Florida State,DraftKings,-20.5,Alabama,Alabama -20.5,-15.5,49.5,52.5,-1650.0,950.0
2026-09-14T12:29:59.145879+00:00,pregame,123.5002,2026,3,regular,401856686,2026-09-19 16:00:00+00:00,Arkansas,Georgia,DraftKings,24.5,Georgia,Georgia -24.5,17.5,54.5,52.5,1700.0,-4500.0
2026-09-14T12:29:59.145879+00:00,pregame,130.5002,2026,3,regular,401856687,2026-09-19 23:00:00+00:00,Auburn,Florida,DraftKings,2.5,Florida,Florida -2.5,-1.5,52.5,53.5,114.0,-135.0
2026-09-14T12:29:59.145879+00:00,pregame,131.0002,2026,3,regular,401856688,2026-09-19 23:30:00+00:00,Ole Miss,LSU,DraftKings,3.0,LSU,LSU -3,-1.5,58.5,57.5,130.0,-155.0
2026-09-14T12:29:59.145879+00:00,pregame,130.5002,2026,3,regular,401856689,2026-09-19 23:00:00+00:00,Missouri,Troy,DraftKings,-27.5,Missouri,Missouri -27.5,-27.5,49.5,49.5,-6500.0,2000.0
2026-09-14T12:29:59.145879+00:00,pregame,131.0002,2026,3,regular,401856690,2026-09-19 23:30:00+00:00,Oklahoma,New Mexico,DraftKings,-22.5,Oklahoma,Oklahoma -22.5,-23.5,47.5,48.5,-2400.0,1200.0
2026-09-14T12:29:59.145879+00:00,pregame,127.7502,2026,3,regular,401856691,2026-09-19 20:15:00+00:00,South Carolina,Mississippi State,DraftKings,-3.5,South Carolina,South Carolina -3.5,-7.5,58.5,54.5,-170.0,142.0
2026-09-14T12:29:59.145879+00:00,pregame,131.2502,2026,3,regular,401856692,2026-09-19 23:45:00+00:00,Tennessee,Kennesaw State,DraftKings,-35.5,Tennessee,Tennessee -35.5,-34.5,60.5,59.5,-100000.0,5000.0
2026-09-14T12:29:59.145879+00:00,pregame,131.5002,2026,3,regular,401856693,2026-09-20 00:00:00+00:00,Texas,UTSA,DraftKings,-29.5,Texas,Texas -29.5,-29.5,58.5,57.5,-6500.0,2000.0
2026-09-14T12:29:59.145879+00:00,pregame,127.0002,2026,3,regular,401856694,2026-09-19 19:30:00+00:00,Texas A&M,Kentucky,DraftKings,-16.5,Texas A&M,Texas A&M -16.5,-15.5,49.5,48.5,-850.0,575.0
2026-09-14T12:29:59.145879+00:00,pregame,124.2502,2026,3,regular,401856695,2026-09-19 16:45:00+00:00,Vanderbilt,NC State,DraftKings,-3.5,Vanderbilt,Vanderbilt -3.5,-4.0,52.5,54.5,-175.0,145.0
2026-09-14T12:29:59.145879+00:00,pregame,279.5002,2026,4,regular,401856700,2026-09-26 04:00:00+00:00,Georgia,Oklahoma,DraftKings,-10.0,Georgia,Georgia -10,-10.0,52.5,52.5,-395.0,310.0
2026-09-14T12:29:59.145879+00:00,pregame,279.5002,2026,4,regular,401856702,2026-09-26 04:00:00+00:00,LSU,Texas A&M,DraftKings,-3.0,LSU,LSU -3,-3.0,56.5,57.5,-155.0,130.0
2026-09-14T12:29:59.145879+00:00,pregame,291.5002,2026,4,regular,401856704,2026-09-26 16:00:00+00:00,Tennessee,Texas,DraftKings,6.5,Texas,Texas -6.5,6.5,56.5,56.5,220.0,-270.0
2026-09-14T12:29:59.145879+00:00,pregame,615.5002,2026,6,regular,401856712,2026-10-10 04:00:00+00:00,Alabama,Georgia,DraftKings,3.0,Georgia,Georgia -3,3.0,50.5,50.5,136.0,-162.0
2026-09-14T12:29:59.145879+00:00,pregame,631.0002,2026,6,regular,401856717,2026-10-10 19:30:00+00:00,Oklahoma,Texas,DraftKings,6.0,Texas,Texas -6,6.0,48.5,48.5,180.0,-218.0
2026-09-14T12:29:59.145879+00:00,pregame,783.5002,2026,7,regular,401856719,2026-10-17 04:00:00+00:00,Georgia,Auburn,DraftKings,-16.5,Georgia,Georgia -16.5,-16.5,54.5,54.5,-1200.0,750.0
2026-09-14T12:29:59.145879+00:00,pregame,783.5002,2026,7,regular,401856723,2026-10-17 04:00:00+00:00,Tennessee,Alabama,DraftKings,1.5,Alabama,Alabama -1.5,1.5,56.5,56.5,100.0,-120.0
2026-09-14T12:29:59.145879+00:00,pregame,951.5002,2026,8,regular,401856727,2026-10-24 04:00:00+00:00,Alabama,Texas A&M,DraftKings,-2.5,Alabama,Alabama -2.5,-2.5,54.5,54.5,-142.0,120.0
2026-09-14T12:29:59.145879+00:00,pregame,951.5002,2026,8,regular,401856732,2026-10-24 04:00:00+00:00,Texas,Ole Miss,DraftKings,-8.5,Texas,Texas -8.5,-8.5,54.5,54.5,-310.0,250.0
2026-09-14T12:29:59.145879+00:00,pregame,1135.0002,2026,9,regular,401856734,2026-10-31 19:30:00+00:00,Georgia,Florida,DraftKings,-12.5,Georgia,Georgia -12.5,-12.5,53.5,53.5,-550.0,410.0
2026-09-14T12:29:59.145879+00:00,pregame,1288.5002,2026,10,regular,401856740,2026-11-07 05:00:00+00:00,LSU,Alabama,DraftKings,-3.5,LSU,LSU -3.5,-3.5,54.5,54.5,-185.0,154.0
2026-09-14T12:29:59.145879+00:00,pregame,1288.5002,2026,10,regular,401856741,2026-11-07 05:00:00+00:00,Ole Miss,Georgia,DraftKings,4.5,Georgia,Georgia -4.5,4.5,55.5,55.5,180.0,-218.0
2026-09-14T12:29:59.145879+00:00,pregame,1624.5002,2026,12,regular,401856752,2026-11-21 05:00:00+00:00,Oklahoma,Texas A&M,DraftKings,-2.5,Oklahoma,Oklahoma -2.5,-2.5,51.5,51.5,-142.0,120.0
2026-09-14T12:29:59.145879+00:00,pregame,1624.5002,2026,12,regular,401856754,2026-11-21 05:00:00+00:00,Tennessee,LSU,DraftKings,1.5,LSU,LSU -1.5,1.5,57.5,57.5,100.0,-120.0
2026-09-14T12:29:59.145879+00:00,pregame,1788.0002,2026,13,regular,401856756,2026-11-28 00:30:00+00:00,Texas A&M,Texas,DraftKings,2.5,Texas,Texas -2.5,2.5,53.5,53.5,120.0,-142.0
2026-09-14T12:29:59.145879+00:00,pregame,1792.5002,2026,13,regular,401856757,2026-11-28 05:00:00+00:00,Alabama,Auburn,DraftKings,-10.0,Alabama,Alabama -10,-10.0,52.5,53.5,-425.0,330.0
2026-09-14T12:29:59.145879+00:00,pregame,1784.0002,2026,13,regular,401856759,2026-11-27 20:30:00+00:00,Florida State,Florida,DraftKings,4.5,Florida,Florida -4.5,4.5,52.5,52.5,170.0,-205.0
2026-09-14T12:29:59.145879+00:00,pregame,1780.5002,2026,13,regular,401856762,2026-11-27 17:00:00+00:00,Ole Miss,Mississippi State,DraftKings,-14.5,Ole Miss,Ole Miss -14.5,-14.5,57.5,56.5,-600.0,440.0
2026-09-14T12:29:59.145879+00:00,pregame,1792.5002,2026,13,regular,401856764,2026-11-28 05:00:00+00:00,Clemson,South Carolina,DraftKings,-3.0,Clemson,Clemson -3,-3.0,53.5,53.5,-162.0,136.0
2026-09-14T12:29:59.145879+00:00,pregame,1792.5002,2026,13,regular,401856765,2026-11-28 05:00:00+00:00,Vanderbilt,Tennessee,DraftKings,3.0,Tennessee,Tennessee -3,3.0,57.5,57.5,136.0,-162.0
2026-09-14T12:29:59.145879+00:00,historical_market_backfill,-380.4998,2026,1,regular,401856766,2026-08-29 16:00:00+00:00,TCU,North Carolina,DraftKings,-7.5,TCU,TCU -7.5,,46.5,,-310.0,250.0
2026-09-14T12:29:59.145879+00:00,historical_market_backfill,-253.4998,2026,1,regular,401856767,2026-09-03 23:00:00+00:00,UCF,Bethune-Cookman,DraftKings,-43.5,UCF,UCF -43.5,-41.5,58.5,,,
2026-09-14T12:29:59.145879+00:00,historical_market_backfill,-251.4998,2026,1,regular,401856768,2026-09-04 01:00:00+00:00,Utah,Idaho,DraftKings,-37.5,Utah,Utah -37.5,-32.5,60.5,56.5,-100000.0,5000.0
2026-09-14T12:29:59.145879+00:00,historical_market_backfill,-228.4998,2026,1,regular,401856769,2026-09-05 00:00:00+00:00,Kansas,Long Island University,DraftKings,-44.5,Kansas,Kansas -44.5,-38.5,57.5,53.5,,
2026-09-14T12:29:59.145879+00:00,historical_market_backfill,-205.4998,2026,1,regular,401856770,2026-09-05 23:00:00+00:00,Texas Tech,Abilene Christian,DraftKings,-45.5,Texas Tech,Texas Tech -45.5,-42.5,60.5,59.5,,
2026-09-14T12:29:59.145879+00:00,historical_market_backfill,-205.4998,2026,1,regular,401856771,2026-09-05 23:00:00+00:00,Kansas State,Nicholls,DraftKings,-41.5,Kansas State,Kansas State -41.5,-40.5,55.5,55.5,,
2026-09-14T12:29:59.145879+00:00,historical_market_backfill,-208.7498,2026,1,regular,401856772,2026-09-05 19:45:00+00:00,Tulsa,Oklahoma State,DraftKings,13.5,Oklahoma State,Oklahoma State -13.5,11.5,57.5,,410.0,-550.0
2026-09-14T12:29:59.145879+00:00,historical_market_backfill,-202.9998,2026,1,regular,401856773,2026-09-06 01:30:00+00:00,Arizona,Northern Arizona,DraftKings,-32.5,Arizona,Arizona -32.5,-31.5,59.5,56.5,-6500.0,2000.0
2026-09-14T12:29:59.145879+00:00,historical_market_backfill,-202.4998,2026,1,regular,401856774,2026-09-06 02:00:00+00:00,Arizona State,Morgan State,DraftKings,-43.5,Arizona State,Arizona State -43.5,-41.5,52.5,52.5,,
2026-09-14T12:29:59.145879+00:00,historical_market_backfill,-204.4998,2026,1,regular,401856775,2026-09-06 00:00:00+00:00,BYU,Utah Tech,DraftKings,-50.5,BYU,BYU -50.5,-47.5,61.5,54.5,,
2026-09-14T12:29:59.145879+00:00,historical_market_backfill,-252.4998,2026,1,regular,401856776,2026-09-04 00:00:00+00:00,Georgia Tech,Colorado,DraftKings,-6.5,Georgia Tech,Georgia Tech -6.5,-7.0,53.5,,-238.0,195.0
2026-09-14T12:29:59.145879+00:00,historical_market_backfill,-208.9998,2026,1,regular,401856777,2026-09-05 19:30:00+00:00,Cincinnati,Boston College,DraftKings,-7.0,Cincinnati,Cincinnati -7,-9.5,51.5,,-278.0,225.0
2026-09-14T12:29:59.145879+00:00,historical_market_backfill,-212.4998,2026,1,regular,401856778,2026-09-05 16:00:00+00:00,Houston,Oregon State,DraftKings,-21.0,Houston,Houston -21,-18.5,50.5,,-1450.0,850.0
2026-09-14T12:29:59.145879+00:00,historical_market_backfill,-211.4998,2026,1,regular,401856779,2026-09-05 17:00:00+00:00,Iowa State,Southeast Missouri State,DraftKings,-29.5,Iowa State,Iowa State -29.5,-29.5,52.5,53.5,-9000.0,2500.0
2026-09-14T12:29:59.145879+00:00,historical_market_backfill,-212.4998,2026,1,regular,401856780,2026-09-05 16:00:00+00:00,West Virginia,Coastal Carolina,DraftKings,-21.0,West Virginia,West Virginia -21,-17.5,54.5,,-1450.0,850.0
2026-09-14T12:29:59.145879+00:00,historical_market_backfill,-44.4998,2026,2,regular,401856781,2026-09-12 16:00:00+00:00,Kansas State,Washington State,DraftKings,-17.5,Kansas State,Kansas State -17.5,-16.5,48.5,51.5,-1050.0,675.0
2026-09-14T12:29:59.145879+00:00,historical_market_backfill,-44.4998,2026,2,regular,401856782,2026-09-12 16:00:00+00:00,Oklahoma State,Oregon,DraftKings,23.5,Oregon,Oregon -23.5,18.5,54.5,60.5,1100.0,-2100.0
2026-09-14T12:29:59.145879+00:00,historical_market_backfill,-36.9998,2026,2,regular,401856783,2026-09-12 23:30:00+00:00,Oregon State,Texas Tech,DraftKings,25.5,Texas Tech,Texas Tech -25.5,27.5,52.5,49.5,1400.0,-3200.0
2026-09-14T12:29:59.145879+00:00,historical_market_backfill,-36.3664,2026,2,regular,401856784,2026-09-13 00:08:00+00:00,Baylor,Prairie View A&M,DraftKings,-37.5,Baylor,Baylor -37.5,-37.5,55.5,56.5,,
2026-09-14T12:29:59.145879+00:00,historical_market_backfill,-40.9998,2026,2,regular,401856785,2026-09-12 19:30:00+00:00,Colorado,Weber State,DraftKings,-38.5,Colorado,Colorado -38.5,-33.5,57.5,53.5,-6500.0,2000.0
2026-09-14T12:29:59.145879+00:00,historical_market_backfill,-37.4998,2026,2,regular,401856786,2026-09-12 23:00:00+00:00,Cincinnati,Western Carolina,DraftKings,-36.5,Cincinnati,Cincinnati -36.5,-36.5,61.5,60.5,,
2026-09-14T12:29:59.145879+00:00,historical_market_backfill,-37.4998,2026,2,regular,401856787,2026-09-12 23:00:00+00:00,Houston,Southern,DraftKings,-51.5,Houston,Houston -51.5,-51.5,61.5,60.5,,
2026-09-14T12:29:59.145879+00:00,historical_market_backfill,-36.9998,2026,2,regular,401856788,2026-09-12 23:30:00+00:00,Iowa,Iowa State,DraftKings,-14.0,Iowa,Iowa -14,-11.5,42.5,41.5,-625.0,455.0
2026-09-14T12:29:59.145879+00:00,historical_market_backfill,-36.4998,2026,2,regular,401856789,2026-09-13 00:00:00+00:00,TCU,Grambling,DraftKings,-44.5,TCU,TCU -44.5,-43.5,56.5,53.5,,
2026-09-14T12:29:59.145879+00:00,historical_market_backfill,-40.9998,2026,2,regular,401856790,2026-09-12 19:30:00+00:00,Pittsburgh,UCF,DraftKings,-7.0,Pittsburgh,Pittsburgh -7,-8.5,55.5,51.5,-298.0,240.0
2026-09-14T12:29:59.145879+00:00,historical_market_backfill,-43.4998,2026,2,regular,401856791,2026-09-12 17:00:00+00:00,West Virginia,UT Martin,DraftKings,-41.5,West Virginia,West Virginia -41.5,-40.5,56.5,55.5,,
2026-09-14T12:29:59.145879+00:00,pregame,123.5002,2026,3,regular,401856792,2026-09-19 16:00:00+00:00,Kansas State,Tulane,DraftKings,-20.5,Kansas State,Kansas State -20.5,-20.5,49.5,49.5,-1800.0,1000.0
2026-09-14T12:29:59.145879+00:00,pregame,134.0002,2026,3,regular,401856793,2026-09-20 02:30:00+00:00,Arizona,Northern Illinois,DraftKings,-34.5,Arizona,Arizona -34.5,-35.5,49.5,49.5,,
2026-09-14T12:29:59.145879+00:00,pregame,131.0002,2026,3,regular,401856795,2026-09-19 23:30:00+00:00,Colorado State,BYU,DraftKings,17.5,BYU,BYU -17.5,21.0,52.5,52.5,650.0,-1000.0
2026-09-14T12:29:59.145879+00:00,pregame,131.0002,2026,3,regular,401856796,2026-09-19 23:30:00+00:00,Northwestern,Colorado,DraftKings,-4.0,Northwestern,Northwestern -4,-4.5,48.5,45.5,-185.0,154.0
2026-09-14T12:29:59.145879+00:00,pregame,127.0002,2026,3,regular,401856797,2026-09-19 19:30:00+00:00,Cincinnati,Miami (OH),DraftKings,-14.5,Cincinnati,Cincinnati -14.5,-15.5,50.5,49.5,-650.0,470.0
2026-09-14T12:29:59.145879+00:00,pregame,123.5002,2026,3,regular,401856798,2026-09-19 16:00:00+00:00,Iowa State,Bowling Green,DraftKings,-23.5,Iowa State,Iowa State -23.5,-22.5,45.5,45.5,-3600.0,1500.0
2026-09-14T12:29:59.145879+00:00,pregame,131.5002,2026,3,regular,401856799,2026-09-20 00:00:00+00:00,TCU,Arkansas State,DraftKings,-20.5,TCU,TCU -20.5,-20.5,57.5,57.5,-1450.0,850.0
2026-09-14T12:29:59.145879+00:00,pregame,130.5002,2026,3,regular,401856800,2026-09-19 23:00:00+00:00,UCF,Georgia State,DraftKings,-20.5,UCF,UCF -20.5,-21.0,52.5,49.5,-1450.0,850.0
2026-09-14T12:29:59.145879+00:00,pregame,127.0002,2026,3,regular,401856801,2026-09-19 19:30:00+00:00,Utah,Utah State,DraftKings,-28.5,Utah,Utah -28.5,-27.5,56.5,57.5,-8000.0,2200.0
2026-09-14T12:29:59.145879+00:00,pregame,131.0002,2026,3,regular,401856802,2026-09-19 23:30:00+00:00,Virginia,West Virginia,DraftKings,-10.0,Virginia,Virginia -10,-8.5,53.5,50.5,-395.0,310.0
2026-09-14T12:29:59.145879+00:00,pregame,783.5002,2026,7,regular,401856809,2026-10-17 04:00:00+00:00,BYU,Notre Dame,DraftKings,10.0,Notre Dame,Notre Dame -10,10.0,54.5,54.5,340.0,-440.0
2026-09-14T12:29:59.145879+00:00,historical_market_backfill,-40.9998,2026,2,regular,401856810,2026-09-12 19:30:00+00:00,BYU,Arizona,DraftKings,-7.0,BYU,BYU -7,-6.5,48.5,,-270.0,220.0
2026-09-14T12:29:59.145879+00:00,pregame,107.5002,2026,3,regular,401856811,2026-09-19 00:00:00+00:00,Texas Tech,Houston,Bovada,-7.0,Texas Tech,Texas Tech -7.0,-8.5,53.5,53.0,-300.0,270.0
2026-09-14T12:29:59.145879+00:00,pregame,123.5002,2026,3,regular,401856812,2026-09-19 16:00:00+00:00,Kansas,Arizona State,DraftKings,5.5,Arizona State,Arizona State -5.5,5.5,52.5,56.5,170.0,-205.0
2026-09-14T12:29:59.145879+00:00,pregame,783.5002,2026,7,regular,401856830,2026-10-17 04:00:00+00:00,Kansas State,Kansas,DraftKings,-7.5,Kansas State,Kansas State -7.5,-7.5,54.5,54.5,-290.0,235.0
2026-09-14T12:29:59.145879+00:00,pregame,951.5002,2026,8,regular,401856837,2026-10-24 04:00:00+00:00,Utah,Houston,DraftKings,-6.5,Utah,Utah -6.5,-6.5,50.5,50.5,-258.0,210.0
2026-09-14T12:29:59.145879+00:00,pregame,1288.5002,2026,10,regular,401856849,2026-11-07 05:00:00+00:00,Utah,BYU,DraftKings,-3.0,Utah,Utah -3,-3.0,51.5,51.5,-142.0,120.0
2026-09-14T12:29:59.145879+00:00,pregame,1456.5002,2026,11,regular,401856863,2026-11-14 05:00:00+00:00,Oklahoma State,Texas Tech,DraftKings,15.5,Texas Tech,Texas Tech -15.5,15.5,61.5,61.5,500.0,-700.0
2026-09-14T12:29:59.145879+00:00,pregame,1792.5002,2026,13,regular,401856873,2026-11-28 05:00:00+00:00,Arizona,Arizona State,DraftKings,-4.5,Arizona,Arizona -4.5,-4.5,52.5,52.5,-218.0,180.0
2026-09-14T12:29:59.145879+00:00,pregame,1764.5002,2026,13,regular,401856879,2026-11-27 01:00:00+00:00,Texas Tech,TCU,DraftKings,-16.5,Texas Tech,Texas Tech -16.5,-16.5,55.5,55.5,-950.0,625.0
2026-09-14T12:29:59.145879+00:00,pregame,1456.5002,2026,11,regular,401856885,2026-11-14 05:00:00+00:00,LSU,Texas,DraftKings,2.5,Texas,Texas -2.5,2.5,54.5,54.5,120.0,-142.0
2026-09-14T12:29:59.145879+00:00,pregame,1456.5002,2026,11,regular,401856887,2026-11-14 05:00:00+00:00,Oklahoma,Ole Miss,DraftKings,-4.0,Oklahoma,Oklahoma -4,-4.0,53.5,53.5,-198.0,164.0
2026-09-14T12:29:59.145879+00:00,pregame,1456.5002,2026,11,regular,401856888,2026-11-14 05:00:00+00:00,Texas A&M,Tennessee,DraftKings,-8.5,Texas A&M,Texas A&M -8.5,-8.5,55.5,55.5,-360.0,285.0
2026-09-14T12:29:59.145879+00:00,historical_market_backfill,-373.4998,2026,1,regular,401858201,2026-08-29 23:00:00+00:00,Stanford,Hawai'i,DraftKings,-4.5,Stanford,Stanford -4.5,-3.0,48.5,,-205.0,170.0
2026-09-14T12:29:59.145879+00:00,historical_market_backfill,-376.9998,2026,1,regular,401858202,2026-08-29 19:30:00+00:00,Virginia,NC State,DraftKings,-4.0,Virginia,Virginia -4,,50.5,,-185.0,154.0
2026-09-14T12:29:59.145879+00:00,historical_market_backfill,-253.4998,2026,1,regular,401858204,2026-09-03 23:00:00+00:00,Wake Forest,Akron,DraftKings,-27.5,Wake Forest,Wake Forest -27.5,-22.5,50.5,,-3600.0,1500.0
2026-09-14T12:29:59.145879+00:00,historical_market_backfill,-227.4998,2026,1,regular,401858206,2026-09-05 01:00:00+00:00,Stanford,Miami,DraftKings,24.5,Miami,Miami -24.5,21.5,46.5,,1600.0,-4000.0
2026-09-14T12:29:59.145879+00:00,historical_market_backfill,-211.9998,2026,1,regular,401858207,2026-09-05 16:30:00+00:00,Pittsburgh,Miami (OH),DraftKings,-16.5,Pittsburgh,Pittsburgh -16.5,-16.5,47.5,,-850.0,575.0
2026-09-14T12:29:59.145879+00:00,historical_market_backfill,-212.4998,2026,1,regular,401858208,2026-09-05 16:00:00+00:00,Syracuse,New Hampshire,DraftKings,-35.5,Syracuse,Syracuse -35.5,-32.5,56.5,55.5,-100000.0,5000.0
2026-09-14T12:29:59.145879+00:00,historical_market_backfill,-208.9998,2026,1,regular,401858209,2026-09-05 19:30:00+00:00,Duke,Tulane,DraftKings,-9.5,Duke,Duke -9.5,-8.5,51.5,,-380.0,300.0
2026-09-14T12:29:59.145879+00:00,historical_market_backfill,-201.9998,2026,1,regular,401858210,2026-09-06 02:30:00+00:00,California,UCLA,DraftKings,2.5,UCLA,UCLA -2.5,-1.5,53.5,,120.0,-142.0
2026-09-14T12:29:59.145879+00:00,historical_market_backfill,-204.9998,2026,1,regular,401858211,2026-09-05 23:30:00+00:00,Virginia Tech,VMI,DraftKings,-54.5,Virginia Tech,Virginia Tech -54.5,-50.5,60.5,57.5,,
2026-09-14T12:29:59.145879+00:00,historical_market_backfill,-156.9998,2026,1,regular,401858212,2026-09-07 23:30:00+00:00,Florida State,SMU,DraftKings,3.0,SMU,SMU -3,,54.5,,130.0,-155.0
2026-09-14T12:29:59.145879+00:00,historical_market_backfill,-84.4998,2026,2,regular,401858213,2026-09-11 00:00:00+00:00,Miami,Florida A&M,DraftKings,-59.5,Miami,Miami -59.5,-55.5,66.5,62.5,,
2026-09-14T12:29:59.145879+00:00,historical_market_backfill,-60.9998,2026,2,regular,401858214,2026-09-11 23:30:00+00:00,Boston College,Rutgers,DraftKings,-3.0,Boston College,Boston College -3,-3.5,53.5,,-148.0,124.0
2026-09-14T12:29:59.145879+00:00,historical_market_backfill,-61.4998,2026,2,regular,401858215,2026-09-11 23:00:00+00:00,Louisville,Villanova,DraftKings,-38.5,Louisville,Louisville -38.5,-36.5,56.5,55.5,,
2026-09-14T12:29:59.145879+00:00,historical_market_backfill,-40.9998,2026,2,regular,401858216,2026-09-12 19:30:00+00:00,Syracuse,California,DraftKings,-3.5,Syracuse,Syracuse -3.5,1.5,56.5,52.5,-198.0,164.0
2026-09-14T12:29:59.145879+00:00,historical_market_backfill,-40.9998,2026,2,regular,401858217,2026-09-12 19:30:00+00:00,Illinois,Duke,DraftKings,-6.5,Illinois,Illinois -6.5,-8.5,51.5,,-250.0,205.0
2026-09-14T12:29:59.145879+00:00,historical_market_backfill,-44.4998,2026,2,regular,401858218,2026-09-12 16:00:00+00:00,North Carolina,East Tennessee State,DraftKings,-35.5,North Carolina,North Carolina -35.5,-34.5,54.5,54.5,-100000.0,5000.0
2026-09-14T12:29:59.145879+00:00,historical_market_backfill,-36.9998,2026,2,regular,401858219,2026-09-12 23:30:00+00:00,Clemson,Georgia Southern,DraftKings,-19.5,Clemson,Clemson -19.5,-26.5,54.5,57.5,-1350.0,800.0
2026-09-14T12:29:59.145879+00:00,historical_market_backfill,-61.4998,2026,2,regular,401858220,2026-09-11 23:00:00+00:00,Virginia,Norfolk State,DraftKings,-47.5,Virginia,Virginia -47.5,-44.5,56.5,54.5,,
2026-09-14T12:29:59.145879+00:00,historical_market_backfill,-44.4998,2026,2,regular,401858221,2026-09-12 16:00:00+00:00,Virginia Tech,Old Dominion,DraftKings,-17.5,Virginia Tech,Virginia Tech -17.5,-14.0,47.5,,-1000.0,650.0
2026-09-14T12:29:59.145879+00:00,historical_market_backfill,-61.4998,2026,2,regular,401858222,2026-09-11 23:00:00+00:00,NC State,Richmond,DraftKings,-33.5,NC State,NC State -33.5,-30.5,50.5,48.5,-6500.0,2000.0
2026-09-14T12:29:59.145879+00:00,historical_market_backfill,-40.4998,2026,2,regular,401858223,2026-09-12 20:00:00+00:00,SMU,UC Davis,DraftKings,-32.5,SMU,SMU -32.5,-24.5,58.5,58.5,-4000.0,1600.0
2026-09-14T12:29:59.145879+00:00,historical_market_backfill,-44.4998,2026,2,regular,401858224,2026-09-12 16:00:00+00:00,Purdue,Wake Forest,DraftKings,3.0,Wake Forest,Wake Forest -3,3.5,51.5,49.5,124.0,-148.0
2026-09-14T12:29:59.145879+00:00,pregame,83.0002,2026,3,regular,401858225,2026-09-17 23:30:00+00:00,Pittsburgh,Syracuse,DraftKings,-10.5,Pittsburgh,Pittsburgh -10.5,-10.5,51.5,59.5,-440.0,340.0
2026-09-14T12:29:59.145879+00:00,pregame,107.0002,2026,3,regular,401858226,2026-09-18 23:30:00+00:00,Wake Forest,Miami,DraftKings,21.5,Miami,Miami -21.5,19.5,55.5,50.5,1100.0,-2100.0
2026-09-14T12:29:59.145879+00:00,pregame,123.5002,2026,3,regular,401858229,2026-09-19 16:00:00+00:00,Clemson,North Carolina,DraftKings,-3.0,Clemson,Clemson -3,-9.5,44.5,44.5,-166.0,140.0
2026-09-14T12:29:59.145879+00:00,pregame,127.0002,2026,3,regular,401858230,2026-09-19 19:30:00+00:00,Louisville,SMU,DraftKings,-1.5,Louisville,Louisville -1.5,-1.5,59.5,56.5,-115.0,-105.0
2026-09-14T12:29:59.145879+00:00,pregame,127.5002,2026,3,regular,401858231,2026-09-19 20:00:00+00:00,Duke,Stanford,DraftKings,-9.5,Duke,Duke -9.5,-10.0,51.5,50.5,-375.0,295.0
2026-09-14T12:29:59.145879+00:00,pregame,131.0002,2026,3,regular,401858232,2026-09-19 23:30:00+00:00,Maryland,Virginia Tech,DraftKings,3.0,Virginia Tech,Virginia Tech -3,1.5,53.5,53.5,130.0,-155.0
2026-09-14T12:29:59.145879+00:00,pregame,447.5002,2026,5,regular,401858249,2026-10-03 04:00:00+00:00,Clemson,Miami,DraftKings,7.0,Miami,Miami -7,7.0,55.5,55.5,260.0,-325.0
2026-09-14T12:29:59.145879+00:00,pregame,447.5002,2026,5,regular,401858250,2026-10-03 04:00:00+00:00,North Carolina,Notre Dame,DraftKings,23.5,Notre Dame,Notre Dame -23.5,23.5,55.5,55.5,1100.0,-2100.0
2026-09-14T12:29:59.145879+00:00,pregame,783.5002,2026,7,regular,401858263,2026-10-17 04:00:00+00:00,Miami,Florida State,DraftKings,-16.5,Miami,Miami -16.5,-16.5,53.5,53.5,-1200.0,750.0
2026-09-14T12:29:59.145879+00:00,pregame,783.5002,2026,7,regular,401858266,2026-10-17 04:00:00+00:00,Duke,North Carolina,DraftKings,-4.5,Duke,Duke -4.5,-4.5,54.5,54.5,-225.0,185.0
2026-09-14T12:29:59.145879+00:00,pregame,946.5002,2026,8,regular,401858271,2026-10-23 23:00:00+00:00,Virginia,Duke,DraftKings,-6.5,Virginia,Virginia -6.5,-6.5,53.5,53.5,-278.0,225.0
2026-09-14T12:29:59.145879+00:00,pregame,1119.5002,2026,9,regular,401858280,2026-10-31 04:00:00+00:00,Florida State,Clemson,DraftKings,1.5,Clemson,Clemson -1.5,1.5,51.5,51.5,-108.0,-112.0
2026-09-14T12:29:59.145879+00:00,pregame,1308.0002,2026,10,regular,401858291,2026-11-08 00:30:00+00:00,Notre Dame,Miami,DraftKings,-6.5,Notre Dame,Notre Dame -6.5,-6.5,54.5,54.5,-238.0,195.0
2026-09-14T12:29:59.145879+00:00,pregame,1456.5002,2026,11,regular,401858296,2026-11-14 05:00:00+00:00,Miami,Duke,DraftKings,-21.0,Miami,Miami -21,-21.0,55.5,55.5,-1800.0,1000.0
2026-09-14T12:29:59.145879+00:00,pregame,1624.5002,2026,12,regular,401858302,2026-11-21 05:00:00+00:00,Miami,Virginia Tech,DraftKings,-16.5,Miami,Miami -16.5,-16.5,56.5,56.5,-1050.0,675.0
2026-09-14T12:29:59.145879+00:00,pregame,1644.0002,2026,12,regular,401858307,2026-11-22 00:30:00+00:00,Notre Dame,SMU,DraftKings,-17.5,Notre Dame,Notre Dame -17.5,-17.5,56.5,56.5,-1200.0,750.0
2026-09-14T12:29:59.145879+00:00,pregame,1792.5002,2026,13,regular,401858313,2026-11-28 05:00:00+00:00,North Carolina,NC State,DraftKings,1.5,NC State,NC State -1.5,1.5,55.5,55.5,-102.0,-118.0
2026-09-14T12:29:59.145879+00:00,pregame,1792.5002,2026,13,regular,401858317,2026-11-28 05:00:00+00:00,Virginia Tech,Virginia,DraftKings,-1.5,Virginia Tech,Virginia Tech -1.5,-1.5,53.5,53.5,-125.0,105.0
2026-09-14T12:29:59.145879+00:00,historical_market_backfill,-252.4998,2026,1,regular,401858422,2026-09-04 00:00:00+00:00,Minnesota,Eastern Illinois,DraftKings,-42.5,Minnesota,Minnesota -42.5,-43.5,52.5,,,
2026-09-14T12:29:59.145879+00:00,historical_market_backfill,-254.4998,2026,1,regular,401858423,2026-09-03 22:00:00+00:00,Rutgers,Massachusetts,DraftKings,-29.5,Rutgers,Rutgers -29.5,-30.5,54.5,,-8000.0,2200.0
2026-09-14T12:29:59.145879+00:00,historical_market_backfill,-251.4998,2026,1,regular,401858424,2026-09-04 01:00:00+00:00,Illinois,UAB,DraftKings,-25.5,Illinois,Illinois -25.5,-27.5,54.5,,-3600.0,1500.0
2026-09-14T12:29:59.145879+00:00,historical_market_backfill,-212.4998,2026,1,regular,401858425,2026-09-05 16:00:00+00:00,Indiana,North Texas,DraftKings,-39.5,Indiana,Indiana -39.5,-40.5,56.5,,,
2026-09-14T12:29:59.145879+00:00,historical_market_backfill,-208.2498,2026,1,regular,401858426,2026-09-05 20:15:00+00:00,Iowa,Northern Illinois,DraftKings,-31.5,Iowa,Iowa -31.5,-29.5,44.5,,-10000.0,3000.0
2026-09-14T12:29:59.145879+00:00,historical_market_backfill,-204.4998,2026,1,regular,401858427,2026-09-06 00:00:00+00:00,Maryland,Hampton,DraftKings,-45.5,Maryland,Maryland -45.5,-45.5,56.5,56.5,,
2026-09-14T12:29:59.145879+00:00,historical_market_backfill,-204.9998,2026,1,regular,401858428,2026-09-05 23:30:00+00:00,Michigan,Western Michigan,DraftKings,-27.5,Michigan,Michigan -27.5,-26.5,49.5,,-6500.0,2000.0
2026-09-14T12:29:59.145879+00:00,historical_market_backfill,-228.4998,2026,1,regular,401858429,2026-09-05 00:00:00+00:00,Michigan State,Toledo,DraftKings,-10.0,Michigan State,Michigan State -10,-10.5,48.5,,-410.0,320.0
2026-09-14T12:29:59.145879+00:00,historical_market_backfill,-212.4998,2026,1,regular,401858430,2026-09-05 16:00:00+00:00,Nebraska,Ohio,DraftKings,-23.5,Nebraska,Nebraska -23.5,-23.5,47.5,,-2100.0,1100.0
2026-09-14T12:29:59.145879+00:00,historical_market_backfill,-204.4998,2026,1,regular,401858431,2026-09-06 00:00:00+00:00,Northwestern,South Dakota State,DraftKings,-14.0,Northwestern,Northwestern -14,-12.5,49.5,46.5,-600.0,440.0
2026-09-14T12:29:59.145879+00:00,historical_market_backfill,-211.9998,2026,1,regular,401858432,2026-09-05 16:30:00+00:00,Ohio State,Ball State,DraftKings,-49.5,Ohio State,Ohio State -49.5,-49.5,55.5,,,
2026-09-14T12:29:59.145879+00:00,historical_market_backfill,-208.9998,2026,1,regular,401858433,2026-09-05 19:30:00+00:00,Oregon,Boise State,DraftKings,-24.5,Oregon,Oregon -24.5,-24.5,52.5,,-2800.0,1300.0
2026-09-14T12:29:59.145879+00:00,historical_market_backfill,-208.9998,2026,1,regular,401858434,2026-09-05 19:30:00+00:00,Penn State,Marshall,DraftKings,-23.5,Penn State,Penn State -23.5,-23.5,53.5,,-1800.0,1000.0
2026-09-14T12:29:59.145879+00:00,historical_market_backfill,-229.4998,2026,1,regular,401858435,2026-09-04 23:00:00+00:00,Purdue,Indiana State,DraftKings,-34.5,Purdue,Purdue -34.5,-34.5,55.5,56.5,,
2026-09-14T12:29:59.145879+00:00,historical_market_backfill,-227.4998,2026,1,regular,401858436,2026-09-05 01:00:00+00:00,USC,Fresno State,DraftKings,-21.5,USC,USC -21.5,-23.5,51.5,,-1800.0,1000.0
2026-09-14T12:29:59.145879+00:00,historical_market_backfill,-184.4998,2026,1,regular,401858437,2026-09-06 20:00:00+00:00,Washington,Washington State,DraftKings,-23.5,Washington,Washington -23.5,-21.5,51.5,,-2800.0,1300.0
2026-09-14T12:29:59.145879+00:00,historical_market_backfill,-180.9998,2026,1,regular,401858438,2026-09-06 23:30:00+00:00,Notre Dame,Wisconsin,DraftKings,-21.0,Notre Dame,Notre Dame -21,,46.5,47.5,-1800.0,1000.0
2026-09-14T12:29:59.145879+00:00,historical_market_backfill,-44.4998,2026,2,regular,401858439,2026-09-12 16:00:00+00:00,Indiana,Howard,DraftKings,-57.5,Indiana,Indiana -57.5,-56.5,66.5,64.5,,
2026-09-14T12:29:59.145879+00:00,historical_market_backfill,-40.9998,2026,2,regular,401858440,2026-09-12 19:30:00+00:00,Michigan State,Eastern Michigan,DraftKings,-17.5,Michigan State,Michigan State -17.5,-15.5,49.5,51.5,-900.0,600.0
2026-09-14T12:29:59.145879+00:00,historical_market_backfill,-37.4998,2026,2,regular,401858441,2026-09-12 23:00:00+00:00,Nebraska,Bowling Green,DraftKings,-30.5,Nebraska,Nebraska -30.5,-25.5,48.5,48.5,-9000.0,2500.0
2026-09-14T12:29:59.145879+00:00,historical_market_backfill,-44.4998,2026,2,regular,401858442,2026-09-12 16:00:00+00:00,Temple,Penn State,DraftKings,24.5,Penn State,Penn State -24.5,21.5,50.5,51.5,1300.0,-2800.0
2026-09-14T12:29:59.145879+00:00,historical_market_backfill,-37.2498,2026,2,regular,401858443,2026-09-12 23:15:00+00:00,UCLA,San Diego State,DraftKings,-13.5,UCLA,UCLA -13.5,-8.5,53.5,,-535.0,400.0
2026-09-14T12:29:59.145879+00:00,historical_market_backfill,-40.9998,2026,2,regular,401858444,2026-09-12 19:30:00+00:00,UConn,Maryland,DraftKings,11.5,Maryland,Maryland -11.5,12.5,52.5,53.5,350.0,-455.0
2026-09-14T12:29:59.145879+00:00,historical_market_backfill,-33.4998,2026,2,regular,401858445,2026-09-13 03:00:00+00:00,USC,Louisiana,DraftKings,-30.5,USC,USC -30.5,-28.5,58.5,63.5,-5000.0,1800.0
2026-09-14T12:29:59.145879+00:00,historical_market_backfill,-40.9998,2026,2,regular,401858446,2026-09-12 19:30:00+00:00,Washington,Utah State,DraftKings,-28.5,Washington,Washington -28.5,-24.5,55.5,56.5,-6500.0,2000.0
2026-09-14T12:29:59.145879+00:00,historical_market_backfill,-37.2498,2026,2,regular,401858447,2026-09-12 23:15:00+00:00,Wisconsin,Western Illinois,DraftKings,-43.5,Wisconsin,Wisconsin -43.5,-38.5,52.5,48.5,,
2026-09-14T12:29:59.145879+00:00,pregame,127.5002,2026,3,regular,401858449,2026-09-19 20:00:00+00:00,Indiana,Western Kentucky,DraftKings,-44.5,Indiana,Indiana -44.5,-44.5,60.5,59.5,,
2026-09-14T12:29:59.145879+00:00,pregame,127.0002,2026,3,regular,401858450,2026-09-19 19:30:00+00:00,Michigan,UTEP,DraftKings,-35.5,Michigan,Michigan -35.5,-36.5,48.5,49.5,,
2026-09-14T12:29:59.145879+00:00,pregame,123.5002,2026,3,regular,401858451,2026-09-19 16:00:00+00:00,Minnesota,Akron,DraftKings,-24.5,Minnesota,Minnesota -24.5,-26.5,48.5,48.5,-4000.0,1600.0
2026-09-14T12:29:59.145879+00:00,pregame,131.0002,2026,3,regular,401858453,2026-09-19 23:30:00+00:00,Notre Dame,Michigan State,DraftKings,-29.5,Notre Dame,Notre Dame -29.5,-29.5,52.5,53.5,-8000.0,2200.0
2026-09-14T12:29:59.145879+00:00,pregame,123.5002,2026,3,regular,401858454,2026-09-19 16:00:00+00:00,Ohio State,Kent State,DraftKings,-52.5,Ohio State,Ohio State -52.5,-52.5,58.5,56.5,,
2026-09-14T12:29:59.145879+00:00,pregame,123.5002,2026,3,regular,401858456,2026-09-19 16:00:00+00:00,Penn State,Buffalo,DraftKings,-38.5,Penn State,Penn State -38.5,-39.5,47.5,48.5,,
2026-09-14T12:29:59.145879+00:00,pregame,127.0002,2026,3,regular,401858457,2026-09-19 19:30:00+00:00,Rutgers,USC,DraftKings,24.5,USC,USC -24.5,24.5,58.5,57.5,1300.0,-2800.0
2026-09-14T12:29:59.145879+00:00,pregame,134.5002,2026,3,regular,401858458,2026-09-20 03:00:00+00:00,UCLA,Purdue,DraftKings,-14.5,UCLA,UCLA -14.5,-14.0,52.5,53.5,-675.0,490.0
2026-09-14T12:29:59.145879+00:00,pregame,124.0002,2026,3,regular,401858460,2026-09-19 16:30:00+00:00,Wisconsin,Eastern Michigan,DraftKings,-24.5,Wisconsin,Wisconsin -24.5,-24.5,45.5,45.5,-3600.0,1500.0
2026-09-14T12:29:59.145879+00:00,pregame,279.5002,2026,4,regular,401858469,2026-09-26 04:00:00+00:00,USC,Oregon,DraftKings,5.5,Oregon,Oregon -5.5,5.5,58.5,58.5,195.0,-238.0
2026-09-14T12:29:59.145879+00:00,pregame,615.5002,2026,6,regular,401858485,2026-10-10 04:00:00+00:00,Penn State,USC,DraftKings,-1.5,Penn State,Penn State -1.5,-1.5,56.5,56.5,-125.0,105.0
2026-09-14T12:29:59.145879+00:00,pregame,783.5002,2026,7,regular,401858488,2026-10-17 04:00:00+00:00,Indiana,Ohio State,DraftKings,-1.5,Indiana,Indiana -1.5,1.5,48.5,48.5,-110.0,-110.0
2026-09-14T12:29:59.145879+00:00,pregame,783.5002,2026,7,regular,401858490,2026-10-17 04:00:00+00:00,Michigan,Penn State,DraftKings,-6.5,Michigan,Michigan -6.5,-6.5,51.5,51.5,-270.0,220.0
2026-09-14T12:29:59.145879+00:00,pregame,783.5002,2026,7,regular,401858492,2026-10-17 04:00:00+00:00,Oregon,Nebraska,DraftKings,-21.5,Oregon,Oregon -21.5,-21.5,51.5,51.5,-3600.0,1500.0
2026-09-14T12:29:59.145879+00:00,pregame,951.5002,2026,8,regular,401858496,2026-10-24 04:00:00+00:00,Michigan,Indiana,DraftKings,6.0,Indiana,Indiana -6,6.0,52.5,52.5,210.0,-258.0
2026-09-14T12:29:59.145879+00:00,pregame,1119.5002,2026,9,regular,401858509,2026-10-31 04:00:00+00:00,USC,Ohio State,DraftKings,7.5,Ohio State,Ohio State -7.5,7.5,54.5,54.5,260.0,-325.0
2026-09-14T12:29:59.145879+00:00,pregame,1288.5002,2026,10,regular,401858511,2026-11-07 05:00:00+00:00,Michigan,Michigan State,DraftKings,-16.5,Michigan,Michigan -16.5,-16.5,50.5,50.5,-950.0,625.0
2026-09-14T12:29:59.145879+00:00,pregame,1288.5002,2026,10,regular,401858514,2026-11-07 05:00:00+00:00,Ohio State,Oregon,DraftKings,-6.0,Ohio State,Ohio State -6,-6.0,52.5,52.5,-258.0,210.0
2026-09-14T12:29:59.145879+00:00,pregame,1456.5002,2026,11,regular,401858518,2026-11-14 05:00:00+00:00,Indiana,USC,DraftKings,-10.0,Indiana,Indiana -10,-10.0,58.5,58.5,-455.0,350.0
2026-09-14T12:29:59.145879+00:00,pregame,1456.5002,2026,11,regular,401858523,2026-11-14 05:00:00+00:00,Oregon,Michigan,DraftKings,-13.5,Oregon,Oregon -13.5,-13.5,53.5,53.5,-600.0,440.0
2026-09-14T12:29:59.145879+00:00,pregame,1792.5002,2026,13,regular,401858537,2026-11-28 05:00:00+00:00,Northwestern,Illinois,DraftKings,3.5,Illinois,Illinois -3.5,3.5,52.5,52.5,145.0,-175.0
2026-09-14T12:29:59.145879+00:00,pregame,1804.5002,2026,13,regular,401858540,2026-11-28 17:00:00+00:00,Ohio State,Michigan,DraftKings,-13.5,Ohio State,Ohio State -13.5,-13.5,46.5,46.5,-575.0,425.0
2026-09-14T12:29:59.145879+00:00,pregame,1792.5002,2026,13,regular,401858541,2026-11-28 05:00:00+00:00,Oregon,Washington,DraftKings,-15.5,Oregon,Oregon -15.5,-15.5,54.5,54.5,-700.0,500.0
2026-09-14T12:29:59.145879+00:00,pregame,1792.5002,2026,13,regular,401858543,2026-11-28 05:00:00+00:00,UCLA,USC,DraftKings,10.5,USC,USC -10.5,10.5,55.5,55.5,360.0,-470.0
2026-09-14T12:29:59.145879+00:00,historical_market_backfill,-40.9998,2026,2,regular,401859184,2026-09-12 19:30:00+00:00,Notre Dame,Rice,DraftKings,-44.5,Notre Dame,Notre Dame -44.5,-44.5,54.5,52.5,,
2026-09-14T12:29:59.145879+00:00,historical_market_backfill,-206.4998,2026,1,regular,401860878,2026-09-05 22:00:00+00:00,Colorado State,Wyoming,DraftKings,-2.5,Colorado State,Colorado State -2.5,-4.0,46.5,,-142.0,120.0
2026-09-14T12:29:59.145879+00:00,historical_market_backfill,-202.9998,2026,1,regular,401860879,2026-09-06 01:30:00+00:00,San Diego State,Portland State,DraftKings,-38.5,San Diego State,San Diego State -38.5,-38.5,62.5,57.5,,
2026-09-14T12:29:59.145879+00:00,historical_market_backfill,-205.4998,2026,1,regular,401860880,2026-09-05 23:00:00+00:00,Utah State,Idaho State,DraftKings,-15.5,Utah State,Utah State -15.5,-11.5,59.5,64.5,-650.0,470.0
2026-09-14T12:29:59.145879+00:00,historical_market_backfill,-38.4998,2026,2,regular,401860881,2026-09-12 22:00:00+00:00,Boise State,Memphis,DraftKings,-9.5,Boise State,Boise State -9.5,-6.5,54.5,,-360.0,285.0
2026-09-14T12:29:59.145879+00:00,historical_market_backfill,-37.4998,2026,2,regular,401860882,2026-09-12 23:00:00+00:00,Colorado State,Southern Utah,DraftKings,-19.5,Colorado State,Colorado State -19.5,-20.5,57.5,56.5,-1350.0,800.0
2026-09-14T12:29:59.145879+00:00,historical_market_backfill,-33.9998,2026,2,regular,401860883,2026-09-13 02:30:00+00:00,Fresno State,Sacramento State,DraftKings,-17.5,Fresno State,Fresno State -17.5,-18.5,44.5,48.5,-900.0,600.0
2026-09-14T12:29:59.145879+00:00,historical_market_backfill,-40.9998,2026,2,regular,401860884,2026-09-12 19:30:00+00:00,Texas State,UTSA,DraftKings,-2.5,Texas State,Texas State -2.5,-1.5,65.5,,-135.0,114.0
2026-09-14T12:29:59.145879+00:00,pregame,133.5002,2026,3,regular,401860887,2026-09-20 02:00:00+00:00,San Diego State,James Madison,DraftKings,-2.5,San Diego State,San Diego State -2.5,-1.5,46.5,46.5,-122.0,102.0
2026-09-14T12:29:59.145879+00:00,pregame,134.5002,2026,3,regular,401860888,2026-09-20 03:00:00+00:00,San José State,Fresno State,DraftKings,6.5,Fresno State,Fresno State -6.5,7.5,50.5,52.5,205.0,-250.0
2026-09-14T12:29:59.145879+00:00,pregame,123.5002,2026,3,regular,401860889,2026-09-19 16:00:00+00:00,Texas State,North Texas,DraftKings,-3.0,Texas State,Texas State -3,-3.0,63.5,63.5,-148.0,124.0
2026-09-14T12:29:59.145879+00:00,historical_market_backfill,-212.4998,2026,1,regular,401861962,2026-09-05 16:00:00+00:00,UConn,Lafayette,DraftKings,-21.5,UConn,UConn -21.5,-19.5,51.5,58.5,-1800.0,1000.0
2026-09-14T12:29:59.145879+00:00,pregame,130.5002,2026,3,regular,401861963,2026-09-19 23:00:00+00:00,Southern Miss,UConn,DraftKings,3.5,UConn,UConn -3.5,2.5,55.5,55.5,140.0,-166.0
2026-09-14T12:29:59.145879+00:00,historical_market_backfill,-370.4998,2026,1,regular,401862693,2026-08-30 02:00:00+00:00,UNLV,Memphis,DraftKings,-4.0,UNLV,UNLV -4,-3.0,55.5,,-198.0,164.0
2026-09-14T12:29:59.145879+00:00,historical_market_backfill,-208.9998,2026,1,regular,401862694,2026-09-05 19:30:00+00:00,Charlotte,The Citadel,DraftKings,-20.5,Charlotte,Charlotte -20.5,-15.5,49.5,46.5,-1650.0,950.0
2026-09-14T12:29:59.145879+00:00,historical_market_backfill,-205.4998,2026,1,regular,401862695,2026-09-05 23:00:00+00:00,Memphis,Arkansas State,DraftKings,-10.5,Memphis,Memphis -10.5,-10.5,52.5,,-395.0,310.0
2026-09-14T12:29:59.145879+00:00,historical_market_backfill,-208.9998,2026,1,regular,401862696,2026-09-05 19:30:00+00:00,Navy,Towson,DraftKings,-31.5,Navy,Navy -31.5,-30.5,50.5,53.5,-100000.0,5000.0
2026-09-14T12:29:59.145879+00:00,historical_market_backfill,-205.4998,2026,1,regular,401862697,2026-09-05 23:00:00+00:00,Rice,Houston Christian,DraftKings,-22.5,Rice,Rice -22.5,-24.5,47.5,47.5,-2400.0,1200.0
2026-09-14T12:29:59.145879+00:00,historical_market_backfill,-210.4998,2026,1,regular,401862698,2026-09-05 18:00:00+00:00,Temple,Rhode Island,DraftKings,-14.5,Temple,Temple -14.5,-10.0,51.5,51.5,-700.0,500.0
2026-09-14T12:29:59.145879+00:00,historical_market_backfill,-205.4998,2026,1,regular,401862699,2026-09-05 23:00:00+00:00,South Florida,Florida International,DraftKings,-14.5,South Florida,South Florida -14.5,-12.5,53.5,,-650.0,470.0
2026-09-14T12:29:59.145879+00:00,historical_market_backfill,-208.9998,2026,1,regular,401862700,2026-09-05 19:30:00+00:00,UTSA,UT Rio Grande Valley,DraftKings,-28.5,UTSA,UTSA -28.5,-28.5,59.5,59.5,-6500.0,2000.0
2026-09-14T12:29:59.145879+00:00,historical_market_backfill,-212.4998,2026,1,regular,401862701,2026-09-05 16:00:00+00:00,Army,Bryant,DraftKings,-37.5,Army,Army -37.5,-36.5,51.5,,,
2026-09-14T12:29:59.145879+00:00,historical_market_backfill,-44.4998,2026,2,regular,401862702,2026-09-12 16:00:00+00:00,Army,South Florida,DraftKings,-3.0,Army,Army -3,-1.5,45.5,52.5,-166.0,140.0
2026-09-14T12:29:59.145879+00:00,historical_market_backfill,-36.9998,2026,2,regular,401862703,2026-09-12 23:30:00+00:00,Florida Atlantic,Navy,DraftKings,4.0,Navy,Navy -4,6.5,59.5,57.5,164.0,-198.0
2026-09-14T12:29:59.145879+00:00,historical_market_backfill,-40.7498,2026,2,regular,401862705,2026-09-12 19:45:00+00:00,North Texas,UNLV,DraftKings,3.0,UNLV,UNLV -3,6.5,57.5,61.5,124.0,-148.0
2026-09-14T12:29:59.145879+00:00,historical_market_backfill,-37.4998,2026,2,regular,401862707,2026-09-12 23:00:00+00:00,Sam Houston,Tulsa,DraftKings,12.5,Tulsa,Tulsa -12.5,10.5,51.5,53.5,380.0,-500.0
2026-09-14T12:29:59.145879+00:00,historical_market_backfill,-40.9998,2026,2,regular,401862708,2026-09-12 19:30:00+00:00,UAB,UL Monroe,DraftKings,-9.5,UAB,UAB -9.5,-7.5,53.5,54.5,-360.0,285.0
2026-09-14T12:29:59.145879+00:00,pregame,129.5002,2026,3,regular,401862710,2026-09-19 22:00:00+00:00,Old Dominion,East Carolina,DraftKings,-3.0,Old Dominion,Old Dominion -3,-2.5,49.5,49.5,-142.0,120.0
2026-09-14T12:29:59.145879+00:00,pregame,129.5002,2026,3,regular,401862771,2026-09-19 22:00:00+00:00,Florida Atlantic,Florida International,DraftKings,-6.5,Florida Atlantic,Florida Atlantic -6.5,-7.5,62.5,62.5,-265.0,215.0
2026-09-14T12:29:59.145879+00:00,pregame,130.5002,2026,3,regular,401862773,2026-09-19 23:00:00+00:00,Rice,Western Michigan,DraftKings,9.5,Western Michigan,Western Michigan -9.5,11.5,43.5,45.5,310.0,-395.0
2026-09-14T12:29:59.145879+00:00,pregame,126.5002,2026,3,regular,401862774,2026-09-19 19:00:00+00:00,Toledo,Temple,DraftKings,-5.5,Toledo,Toledo -5.5,-4.0,51.5,52.5,-218.0,180.0
2026-09-14T12:29:59.145879+00:00,pregame,131.5002,2026,3,regular,401862776,2026-09-20 00:00:00+00:00,Louisiana,UAB,DraftKings,-7.5,Louisiana,Louisiana -7.5,-10.0,56.5,59.5,-310.0,250.0
2026-09-14T12:29:59.145879+00:00,pregame,2143.5002,2026,15,regular,401862844,2026-12-12 20:00:00+00:00,Army,Navy,DraftKings,2.5,Navy,Navy -2.5,2.5,37.5,37.5,120.0,-142.0
2026-09-14T12:29:59.145879+00:00,historical_market_backfill,-253.4998,2026,1,regular,401864424,2026-09-03 23:00:00+00:00,Delaware,Merrimack,DraftKings,-31.5,Delaware,Delaware -31.5,-28.5,56.5,55.5,-8000.0,2200.0
2026-09-14T12:29:59.145879+00:00,historical_market_backfill,-253.4998,2026,1,regular,401864425,2026-09-03 23:00:00+00:00,Kennesaw State,West Georgia,DraftKings,-22.5,Kennesaw State,Kennesaw State -22.5,-22.5,50.5,51.5,-3600.0,1500.0
2026-09-14T12:29:59.145879+00:00,historical_market_backfill,-201.9998,2026,1,regular,401864432,2026-09-06 02:30:00+00:00,Nevada,Western Kentucky,DraftKings,1.5,Western Kentucky,Western Kentucky -1.5,4.5,51.5,,-108.0,-112.0
2026-09-14T12:29:59.145879+00:00,pregame,130.5002,2026,3,regular,401864443,2026-09-19 23:00:00+00:00,Middle Tennessee,Nevada,DraftKings,5.5,Nevada,Nevada -5.5,6.5,51.5,49.5,185.0,-225.0
2026-09-14T12:29:59.145879+00:00,historical_market_backfill,-377.4998,2026,1,regular,401864494,2026-08-29 19:00:00+00:00,USC,San José State,DraftKings,-37.5,USC,USC -37.5,-35.5,61.5,,-100000.0,5000.0
2026-09-14T12:29:59.145879+00:00,historical_market_backfill,-229.9998,2026,1,regular,401864495,2026-09-04 22:30:00+00:00,Eastern Michigan,San José State,DraftKings,-1.5,Eastern Michigan,Eastern Michigan -1.5,-3.5,55.5,,-115.0,-105.0
2026-09-14T12:29:59.145879+00:00,historical_market_backfill,-211.4998,2026,1,regular,401864496,2026-09-05 17:00:00+00:00,Air Force,Duquesne,DraftKings,-31.5,Air Force,Air Force -31.5,-30.5,55.5,58.5,-6500.0,2000.0
2026-09-14T12:29:59.145879+00:00,historical_market_backfill,-202.4998,2026,1,regular,401864497,2026-09-06 02:00:00+00:00,Hawai'i,UNLV,DraftKings,3.0,UNLV,UNLV -3,1.5,55.5,,120.0,-142.0
2026-09-14T12:29:59.145879+00:00,historical_market_backfill,-202.4998,2026,1,regular,401864498,2026-09-06 02:00:00+00:00,New Mexico,Central Michigan,DraftKings,-10.5,New Mexico,New Mexico -10.5,-12.5,47.5,,-440.0,340.0
2026-09-14T12:29:59.145879+00:00,historical_market_backfill,-208.9998,2026,1,regular,401864499,2026-09-05 19:30:00+00:00,North Dakota State,Fordham,DraftKings,-41.5,North Dakota State,North Dakota State -41.5,-39.5,54.5,57.5,,
2026-09-14T12:29:59.145879+00:00,historical_market_backfill,-33.9998,2026,2,regular,401864500,2026-09-13 02:30:00+00:00,Nevada,Montana State,DraftKings,4.5,Montana State,Montana State -4.5,4.5,51.5,49.5,170.0,-205.0
2026-09-14T12:29:59.145879+00:00,historical_market_backfill,-34.4998,2026,2,regular,401864502,2026-09-13 02:00:00+00:00,Air Force,North Dakota State,DraftKings,1.5,North Dakota State,North Dakota State -1.5,6.5,47.5,49.5,105.0,-125.0
2026-09-14T12:29:59.145879+00:00,historical_market_backfill,-37.4998,2026,2,regular,401864503,2026-09-12 23:00:00+00:00,Northern Illinois,Illinois State,DraftKings,2.5,Illinois State,Illinois State -2.5,4.5,47.5,48.5,124.0,-148.0
2026-09-14T12:29:59.145879+00:00,historical_market_backfill,-35.4998,2026,2,regular,401864504,2026-09-13 01:00:00+00:00,San José State,Cal Poly,DraftKings,-21.5,San José State,San José State -21.5,-20.5,58.5,56.5,-1800.0,1000.0
2026-09-14T12:29:59.145879+00:00,historical_market_backfill,-35.4998,2026,2,regular,401864505,2026-09-13 01:00:00+00:00,UTEP,Texas Southern,DraftKings,-27.5,UTEP,UTEP -27.5,-25.5,53.5,52.5,-4500.0,1700.0
2026-09-14T12:29:59.145879+00:00,historical_market_backfill,-40.4998,2026,2,regular,401864506,2026-09-12 20:00:00+00:00,Wyoming,Northern Colorado,DraftKings,-23.5,Wyoming,Wyoming -23.5,-22.5,44.5,47.5,-1800.0,1000.0
2026-09-14T12:29:59.145879+00:00,pregame,134.0002,2026,3,regular,401864507,2026-09-20 02:30:00+00:00,Sacramento State,North Dakota State,DraftKings,27.5,North Dakota State,North Dakota State -27.5,23.5,53.5,53.5,2200.0,-8000.0
2026-09-14T12:29:59.145879+00:00,pregame,124.5002,2026,3,regular,401864508,2026-09-19 17:00:00+00:00,Central Michigan,Wyoming,DraftKings,-1.5,Central Michigan,Central Michigan -1.5,-2.5,39.5,39.5,-120.0,100.0
2026-09-14T12:29:59.145879+00:00,historical_market_backfill,-373.4998,2026,1,regular,401864570,2026-08-29 23:00:00+00:00,Florida State,New Mexico State,DraftKings,-31.5,Florida State,Florida State -31.5,-28.5,53.5,,-8000.0,2200.0
2026-09-14T12:29:59.145879+00:00,historical_market_backfill,-44.4998,2026,2,regular,401864571,2026-09-12 16:00:00+00:00,East Carolina,App State,DraftKings,-6.5,East Carolina,East Carolina -6.5,-11.5,55.5,56.5,-250.0,205.0
2026-09-14T12:29:59.145879+00:00,pregame,129.5002,2026,3,regular,401864574,2026-09-19 22:00:00+00:00,App State,Charlotte,DraftKings,-19.5,App State,App State -19.5,-19.5,51.5,53.5,-1200.0,750.0
2026-09-14T12:29:59.145879+00:00,historical_market_backfill,-37.4998,2026,2,regular,401864575,2026-09-12 23:00:00+00:00,Tulane,South Alabama,DraftKings,-9.5,Tulane,Tulane -9.5,-10.0,48.5,55.5,-360.0,285.0
2026-09-14T12:29:59.145879+00:00,historical_market_backfill,-374.9998,2026,1,regular,401864577,2026-08-29 21:30:00+00:00,North Dakota State,Jacksonville State,DraftKings,-6.5,North Dakota State,North Dakota State -6.5,-10.0,46.5,,-265.0,215.0
2026-09-14T12:29:59.145879+00:00,historical_market_backfill,-32.5164,2026,2,regular,401864578,2026-09-13 03:59:00+00:00,Hawai'i,New Mexico State,DraftKings,-7.5,Hawai'i,Hawai'i -7.5,-11.5,50.5,51.5,-298.0,240.0
2026-09-14T12:29:59.145879+00:00,historical_market_backfill,-40.4998,2026,2,regular,401865252,2026-09-12 20:00:00+00:00,New Mexico,Mercyhurst,DraftKings,-42.5,New Mexico,New Mexico -42.5,-40.5,54.5,51.5,,
2026-09-14T12:29:59.145879+00:00,historical_market_backfill,-373.9998,2026,1,regular,401866408,2026-08-29 22:30:00+00:00,Eastern Michigan,Sacramento State,DraftKings,-8.5,Eastern Michigan,Eastern Michigan -8.5,-8.5,52.5,,-355.0,280.0
2026-09-14T12:29:59.145879+00:00,historical_market_backfill,-253.4998,2026,1,regular,401866409,2026-09-03 23:00:00+00:00,Buffalo,UAlbany,DraftKings,-18.5,Buffalo,Buffalo -18.5,-24.5,47.5,48.5,-1000.0,650.0
2026-09-14T12:29:59.145879+00:00,historical_market_backfill,-212.4998,2026,1,regular,401866410,2026-09-05 16:00:00+00:00,Bowling Green,Tarleton State,DraftKings,-1.5,Bowling Green,Bowling Green -1.5,-2.5,49.5,47.5,-120.0,100.0
2026-09-14T12:29:59.145879+00:00,historical_market_backfill,-202.4998,2026,1,regular,401866411,2026-09-06 02:00:00+00:00,Sacramento State,Mississippi Valley State,DraftKings,-37.5,Sacramento State,Sacramento State -37.5,-35.5,56.5,56.5,,
2026-09-14T12:29:59.145879+00:00,historical_market_backfill,-40.9998,2026,2,regular,401866412,2026-09-12 19:30:00+00:00,Akron,Robert Morris,DraftKings,-26.5,Akron,Akron -26.5,-27.5,45.5,41.5,-3200.0,1400.0
2026-09-14T12:29:59.145879+00:00,historical_market_backfill,-42.4998,2026,2,regular,401866413,2026-09-12 18:00:00+00:00,Ball State,Stony Brook,DraftKings,-13.5,Ball State,Ball State -13.5,-14.5,52.5,57.5,-575.0,425.0
2026-09-14T12:29:59.145879+00:00,historical_market_backfill,-38.4998,2026,2,regular,401866414,2026-09-12 22:00:00+00:00,Florida International,Buffalo,DraftKings,-8.5,Florida International,Florida International -8.5,-10.5,47.5,51.5,-345.0,275.0
2026-09-14T12:29:59.145879+00:00,historical_market_backfill,-43.4998,2026,2,regular,401866415,2026-09-12 17:00:00+00:00,Central Michigan,Colgate,DraftKings,-18.5,Central Michigan,Central Michigan -18.5,-23.5,49.5,49.5,-1600.0,900.0
2026-09-14T12:29:59.145879+00:00,historical_market_backfill,-44.4998,2026,2,regular,401866416,2026-09-12 16:00:00+00:00,Kent State,Wofford,DraftKings,-10.0,Kent State,Kent State -10,-11.5,45.5,47.5,-455.0,350.0
2026-09-14T12:29:59.145879+00:00,historical_market_backfill,-43.4998,2026,2,regular,401866417,2026-09-12 17:00:00+00:00,Miami (OH),Holy Cross,DraftKings,-30.5,Miami (OH),Miami (OH) -30.5,-30.5,47.5,49.5,-6500.0,2000.0
2026-09-14T12:29:59.145879+00:00,historical_market_backfill,-38.4998,2026,2,regular,401866418,2026-09-12 22:00:00+00:00,Ohio,Jacksonville State,DraftKings,-1.5,Ohio,Ohio -1.5,-2.5,49.5,48.5,-125.0,105.0
2026-09-14T12:29:59.145879+00:00,historical_market_backfill,-40.9998,2026,2,regular,401866419,2026-09-12 19:30:00+00:00,Toledo,Central Connecticut,DraftKings,-36.5,Toledo,Toledo -36.5,-33.5,52.5,55.5,-20000.0,3500.0
2026-09-14T12:29:59.145879+00:00,historical_market_backfill,-40.9998,2026,2,regular,401866420,2026-09-12 19:30:00+00:00,Massachusetts,Sacred Heart,DraftKings,-23.5,Massachusetts,Massachusetts -23.5,-23.5,53.5,53.5,-2400.0,1200.0
2026-09-14T12:29:59.145879+00:00,historical_market_backfill,-37.9998,2026,2,regular,401866421,2026-09-12 22:30:00+00:00,Western Michigan,Monmouth,DraftKings,-29.5,Western Michigan,Western Michigan -29.5,-25.5,54.5,52.5,-5000.0,1800.0
2026-09-14T12:29:59.145879+00:00,pregame,127.5002,2026,3,regular,401866422,2026-09-19 20:00:00+00:00,Liberty,Ball State,DraftKings,-14.0,Liberty,Liberty -14,-14.5,49.5,55.5,-700.0,500.0
2026-09-14T12:29:59.145879+00:00,pregame,130.5002,2026,3,regular,401866423,2026-09-19 23:00:00+00:00,South Alabama,Ohio,DraftKings,-4.5,South Alabama,South Alabama -4.5,-3.5,52.5,53.5,-180.0,150.0
2026-09-14T12:29:59.145879+00:00,historical_market_backfill,-422.4998,2026,1,regular,401866532,2026-08-27 22:00:00+00:00,Towson,Maine,Draft Kings,-2.5,Towson,Towson -2.5,,46.5,,,
2026-09-14T12:29:59.145879+00:00,historical_market_backfill,-422.4998,2026,1,regular,401866615,2026-08-27 22:00:00+00:00,Delaware State,Stony Brook,Draft Kings,4.5,Stony Brook,Stony Brook -4.5,,50.5,,,
2026-09-14T12:29:59.145879+00:00,historical_market_backfill,-397.4998,2026,1,regular,401866616,2026-08-28 23:00:00+00:00,UAlbany,New Hampshire,DraftKings,10.0,New Hampshire,New Hampshire -10,11.5,46.5,45.5,268.0,-357.0
2026-09-14T12:29:59.145879+00:00,historical_market_backfill,-398.4998,2026,1,regular,401866617,2026-08-28 22:00:00+00:00,Merrimack,Rhode Island,DraftKings,20.5,Rhode Island,Rhode Island -20.5,20.5,47.5,53.5,890.0,-1960.0
2026-09-14T12:29:59.145879+00:00,historical_market_backfill,-374.4998,2026,1,regular,401866618,2026-08-29 22:00:00+00:00,North Carolina A&T,Morgan State,DraftKings,7.0,Morgan State,Morgan State -7,8.5,49.5,50.5,210.0,-270.0
2026-09-14T12:29:59.145879+00:00,historical_market_backfill,-374.4998,2026,1,regular,401866619,2026-08-29 22:00:00+00:00,Stonehill,Bryant,DraftKings,4.5,Bryant,Bryant -4.5,4.5,45.5,44.5,153.0,-192.0
2026-09-14T12:29:59.145879+00:00,historical_market_backfill,-374.9998,2026,1,regular,401866620,2026-08-29 21:30:00+00:00,East Tennessee State,Campbell,DraftKings,-7.0,East Tennessee State,East Tennessee State -7,-7.0,56.5,55.5,-267.0,207.0
2026-09-14T12:29:59.145879+00:00,historical_market_backfill,-373.4998,2026,1,regular,401866621,2026-08-29 23:00:00+00:00,Tennessee Tech,Monmouth,DraftKings,-8.5,Tennessee Tech,Tennessee Tech -8.5,-8.5,58.5,58.5,-340.0,257.0
2026-09-14T12:29:59.145879+00:00,historical_market_backfill,-253.4998,2026,1,regular,401866622,2026-09-03 23:00:00+00:00,Stony Brook,Lindenwood,DraftKings,-4.0,Stony Brook,Stony Brook -4,-4.0,50.5,50.5,-189.0,150.0
2026-09-14T12:29:59.145879+00:00,historical_market_backfill,-229.4998,2026,1,regular,401866623,2026-09-04 23:00:00+00:00,Georgia State,North Carolina A&T,DraftKings,-28.5,Georgia State,Georgia State -28.5,-28.5,58.5,63.5,-4000.0,1600.0
2026-09-14T12:29:59.145879+00:00,historical_market_backfill,-210.4998,2026,1,regular,401866624,2026-09-05 18:00:00+00:00,Monmouth,Sacred Heart,DraftKings,-12.5,Monmouth,Monmouth -12.5,-15.5,58.5,58.5,-640.0,432.0
2026-09-14T12:29:59.145879+00:00,historical_market_backfill,-206.4998,2026,1,regular,401866626,2026-09-05 22:00:00+00:00,Davidson,Elon,DraftKings,32.5,Elon,Elon -32.5,31.5,58.5,57.5,,
2026-09-14T12:29:59.145879+00:00,historical_market_backfill,-208.9998,2026,1,regular,401866627,2026-09-05 19:30:00+00:00,App State,Maine,DraftKings,-20.5,App State,App State -20.5,-17.5,53.5,53.5,-1450.0,850.0
2026-09-14T12:29:59.145879+00:00,historical_market_backfill,-44.4998,2026,2,regular,401866628,2026-09-12 16:00:00+00:00,Rhode Island,Elon,DraftKings,-8.5,Rhode Island,Rhode Island -8.5,-8.5,48.5,48.5,-288.0,221.0
2026-09-14T12:29:59.145879+00:00,historical_market_backfill,-38.4998,2026,2,regular,401866629,2026-09-12 22:00:00+00:00,Hampton,Bryant,DraftKings,3.5,Bryant,Bryant -3.5,3.5,51.5,48.5,133.0,-166.0
2026-09-14T12:29:59.145879+00:00,historical_market_backfill,-39.4998,2026,2,regular,401866630,2026-09-12 21:00:00+00:00,Maine,Merrimack,DraftKings,-10.0,Maine,Maine -10,-10.0,47.5,47.5,-431.0,314.0
2026-09-14T12:29:59.145879+00:00,historical_market_backfill,-38.4998,2026,2,regular,401866631,2026-09-12 22:00:00+00:00,New Hampshire,Stonehill,DraftKings,-13.5,New Hampshire,New Hampshire -13.5,-13.5,43.5,43.5,-479.0,343.0
2026-09-14T12:29:59.145879+00:00,historical_market_backfill,-44.4998,2026,2,regular,401866632,2026-09-12 16:00:00+00:00,Long Island University,UAlbany,DraftKings,2.5,UAlbany,UAlbany -2.5,5.5,44.5,44.5,116.0,-145.0
2026-09-14T12:29:59.145879+00:00,historical_market_backfill,-44.4998,2026,2,regular,401866633,2026-09-12 16:00:00+00:00,North Carolina Central,North Carolina A&T,DraftKings,-24.5,North Carolina Central,North Carolina Central -24.5,-24.5,55.5,55.5,-2800.0,1040.0
2026-09-14T12:29:59.145879+00:00,historical_market_backfill,-205.4998,2026,1,regular,401867684,2026-09-05 23:00:00+00:00,UT Martin,Chicago State,DraftKings,-45.5,UT Martin,UT Martin -45.5,-44.5,61.5,61.5,,
2026-09-14T12:29:59.145879+00:00,historical_market_backfill,-206.4998,2026,1,regular,401867692,2026-09-05 22:00:00+00:00,William & Mary,Delaware State,DraftKings,-9.5,William & Mary,William & Mary -9.5,-10.0,54.5,56.5,-348.0,262.0
2026-09-14T12:29:59.145879+00:00,historical_market_backfill,-36.9998,2026,2,regular,401867796,2026-09-12 23:30:00+00:00,LSU,Louisiana Tech,DraftKings,-34.5,LSU,LSU -34.5,-31.5,55.5,55.5,-20000.0,3500.0
2026-09-14T12:29:59.145879+00:00,pregame,127.5002,2026,3,regular,401867804,2026-09-19 20:00:00+00:00,Baylor,Louisiana Tech,DraftKings,-17.5,Baylor,Baylor -17.5,-17.5,53.5,55.5,-950.0,625.0
2026-09-14T12:29:59.145879+00:00,historical_market_backfill,-204.4998,2026,1,regular,401867845,2026-09-06 00:00:00+00:00,Western Illinois,Illinois State,DraftKings,20.5,Illinois State,Illinois State -20.5,23.5,58.5,59.5,990.0,-2500.0
2026-09-14T12:29:59.145879+00:00,historical_market_backfill,-374.4998,2026,1,regular,401867855,2026-08-29 22:00:00+00:00,Indiana State,Southeast Missouri State,DraftKings,-2.5,Indiana State,Indiana State -2.5,-2.5,52.5,52.5,-143.0,115.0
2026-09-14T12:29:59.145879+00:00,historical_market_backfill,-37.4998,2026,2,regular,401867856,2026-09-12 23:00:00+00:00,Eastern Illinois,Indiana State,DraftKings,3.0,Indiana State,Indiana State -3,1.5,49.5,49.5,124.0,-154.0
2026-09-14T12:29:59.145879+00:00,historical_market_backfill,-421.4998,2026,1,regular,401867865,2026-08-27 23:00:00+00:00,Murray State,Eastern Illinois,Draft Kings,-4.5,Murray State,Murray State -4.5,,49.5,,,
2026-09-14T12:29:59.145879+00:00,historical_market_backfill,-205.4998,2026,1,regular,401867866,2026-09-05 23:00:00+00:00,Middle Tennessee,Murray State,DraftKings,-22.5,Middle Tennessee,Middle Tennessee -22.5,-20.5,55.5,59.5,-1800.0,1000.0
2026-09-14T12:29:59.145879+00:00,historical_market_backfill,-37.4998,2026,2,regular,401867867,2026-09-12 23:00:00+00:00,Murray State,Valparaiso,DraftKings,-14.5,Murray State,Murray State -14.5,-10.5,47.5,51.5,-810.0,515.0
2026-09-14T12:29:59.145879+00:00,historical_market_backfill,-420.4998,2026,1,regular,401867874,2026-08-28 00:00:00+00:00,North Dakota,Long Island University,Draft Kings,-27.5,North Dakota,North Dakota -27.5,,44.5,,,
2026-09-14T12:29:59.145879+00:00,historical_market_backfill,-208.4998,2026,1,regular,401867875,2026-09-05 20:00:00+00:00,North Dakota,St. Thomas (MN),DraftKings,-28.5,North Dakota,North Dakota -28.5,-27.5,53.5,52.5,,
2026-09-14T12:29:59.145879+00:00,historical_market_backfill,-34.4998,2026,2,regular,401867876,2026-09-13 02:00:00+00:00,Portland State,North Dakota,DraftKings,25.5,North Dakota,North Dakota -25.5,25.5,60.5,58.5,1180.0,-4000.0
2026-09-14T12:29:59.145879+00:00,historical_market_backfill,-378.4998,2026,1,regular,401867882,2026-08-29 18:00:00+00:00,South Dakota,Central Connecticut,DraftKings,-21.5,South Dakota,South Dakota -21.5,-22.5,49.5,53.5,-3900.0,1180.0
2026-09-14T12:29:59.145879+00:00,historical_market_backfill,-204.4998,2026,1,regular,401867883,2026-09-06 00:00:00+00:00,Northern Colorado,South Dakota,DraftKings,20.5,South Dakota,South Dakota -20.5,20.5,56.5,56.5,920.0,-2100.0
2026-09-14T12:29:59.145879+00:00,historical_market_backfill,-42.4998,2026,2,regular,401867884,2026-09-12 18:00:00+00:00,South Dakota,Eastern Washington,DraftKings,-15.5,South Dakota,South Dakota -15.5,-16.5,61.5,58.5,-740.0,482.0
2026-09-14T12:29:59.145879+00:00,historical_market_backfill,-253.4998,2026,1,regular,401867889,2026-09-03 23:00:00+00:00,Samford,Southern Illinois,DraftKings,20.5,Southern Illinois,Southern Illinois -20.5,24.5,54.5,49.5,730.0,-1400.0
2026-09-14T12:29:59.145879+00:00,historical_market_backfill,-37.4998,2026,2,regular,401867890,2026-09-12 23:00:00+00:00,Southern Illinois,Southeast Missouri State,DraftKings,-7.5,Southern Illinois,Southern Illinois -7.5,-7.5,53.5,53.5,-355.0,266.0
2026-09-14T12:29:59.145879+00:00,historical_market_backfill,-422.4998,2026,1,regular,401867894,2026-08-27 22:00:00+00:00,Youngstown State,Mercyhurst,Draft Kings,-30.5,Youngstown State,Youngstown State -30.5,,57.5,,,
2026-09-14T12:29:59.145879+00:00,historical_market_backfill,-42.4998,2026,2,regular,401867895,2026-09-12 18:00:00+00:00,Youngstown State,Duquesne,DraftKings,-22.5,Youngstown State,Youngstown State -22.5,-22.5,54.5,53.5,-2500.0,980.0
2026-09-14T12:29:59.145879+00:00,historical_market_backfill,-380.4998,2026,1,regular,401867916,2026-08-29 16:00:00+00:00,Wagner,Robert Morris,DraftKings,-5.5,Wagner,Wagner -5.5,-5.5,40.5,39.5,-223.0,176.0
2026-09-14T12:29:59.145879+00:00,historical_market_backfill,-212.4998,2026,1,regular,401867924,2026-09-05 16:00:00+00:00,New Haven,Stonehill,DraftKings,-6.5,New Haven,New Haven -6.5,-7.0,42.5,41.5,-226.0,178.0
2026-09-14T12:29:59.145879+00:00,historical_market_backfill,-44.4998,2026,2,regular,401867929,2026-09-12 16:00:00+00:00,James Madison,Wagner,DraftKings,-46.5,James Madison,James Madison -46.5,-45.5,56.5,54.5,,
2026-09-14T12:29:59.145879+00:00,historical_market_backfill,-372.9998,2026,1,regular,401867935,2026-08-29 23:30:00+00:00,Howard,Alabama A&M,DraftKings,-1.5,Howard,Howard -1.5,-2.5,46.5,46.5,-124.0,100.0
2026-09-14T12:29:59.145879+00:00,historical_market_backfill,-185.4998,2026,1,regular,401867939,2026-09-06 19:00:00+00:00,Florida A&M,South Carolina State,DraftKings,19.5,South Carolina State,South Carolina State -19.5,17.5,54.5,,740.0,-1420.0
2026-09-14T12:29:59.145879+00:00,historical_market_backfill,-206.4998,2026,1,regular,401867973,2026-09-05 22:00:00+00:00,Old Dominion,Norfolk State,DraftKings,-41.5,Old Dominion,Old Dominion -41.5,-41.5,52.5,55.5,,
2026-09-14T12:29:59.145879+00:00,historical_market_backfill,-373.4998,2026,1,regular,401867977,2026-08-29 23:00:00+00:00,Texas Southern,North Carolina Central,DraftKings,10.5,North Carolina Central,North Carolina Central -10.5,11.5,51.5,51.5,328.0,-453.0
2026-09-14T12:29:59.145879+00:00,historical_market_backfill,-374.4998,2026,1,regular,401867988,2026-08-29 22:00:00+00:00,Richmond,Bucknell,DraftKings,-12.5,Richmond,Richmond -12.5,-10.5,48.5,49.5,-620.0,420.0
2026-09-14T12:29:59.145879+00:00,historical_market_backfill,-206.4998,2026,1,regular,401867989,2026-09-05 22:00:00+00:00,Bucknell,Villanova,DraftKings,22.5,Villanova,Villanova -22.5,26.5,54.5,56.5,1160.0,-3700.0
2026-09-14T12:29:59.145879+00:00,historical_market_backfill,-42.9998,2026,2,regular,401867990,2026-09-12 17:30:00+00:00,VMI,Bucknell,DraftKings,8.5,Bucknell,Bucknell -8.5,10.5,47.5,47.5,248.0,-327.0
2026-09-14T12:29:59.145879+00:00,historical_market_backfill,-211.4998,2026,1,regular,401868000,2026-09-05 17:00:00+00:00,Colgate,Holy Cross,DraftKings,-4.5,Colgate,Colgate -4.5,-4.5,49.5,47.5,-185.0,147.0
2026-09-14T12:29:59.145879+00:00,historical_market_backfill,-398.4998,2026,1,regular,401868007,2026-08-28 22:00:00+00:00,Fordham,Colgate,DraftKings,8.5,Colgate,Colgate -8.5,10.0,55.5,50.5,242.0,-318.0
2026-09-14T12:29:59.145879+00:00,historical_market_backfill,-36.9998,2026,2,regular,401868008,2026-09-12 23:30:00+00:00,Coastal Carolina,Fordham,DraftKings,-36.5,Coastal Carolina,Coastal Carolina -36.5,-31.5,54.5,52.5,-100000.0,5000.0
2026-09-14T12:29:59.145879+00:00,historical_market_backfill,-211.9998,2026,1,regular,401868017,2026-09-05 16:30:00+00:00,Georgetown,Lehigh,DraftKings,22.5,Lehigh,Lehigh -22.5,20.5,46.5,49.5,870.0,-1920.0
2026-09-14T12:29:59.145879+00:00,historical_market_backfill,-376.9998,2026,1,regular,401868022,2026-08-29 19:30:00+00:00,Holy Cross,Lehigh,DraftKings,14.0,Lehigh,Lehigh -14,14.0,47.5,47.5,509.0,-800.0
2026-09-14T12:29:59.145879+00:00,historical_market_backfill,-43.9998,2026,2,regular,401868028,2026-09-12 16:30:00+00:00,Lafayette,Marist,DraftKings,-15.5,Lafayette,Lafayette -15.5,-12.5,47.5,47.5,-820.0,517.0
2026-09-14T12:29:59.145879+00:00,historical_market_backfill,-42.4998,2026,2,regular,401868033,2026-09-12 18:00:00+00:00,Lehigh,William & Mary,DraftKings,-13.5,Lehigh,Lehigh -13.5,-11.5,47.5,47.5,-449.0,325.0
2026-09-14T12:29:59.145879+00:00,historical_market_backfill,-398.4998,2026,1,regular,401868040,2026-08-28 22:00:00+00:00,Villanova,William & Mary,DraftKings,-12.5,Villanova,Villanova -12.5,-11.5,47.5,50.5,-700.0,462.0
2026-09-14T12:29:59.145879+00:00,historical_market_backfill,-373.4998,2026,1,regular,401868049,2026-08-29 23:00:00+00:00,Lamar,Abilene Christian,DraftKings,7.5,Abilene Christian,Abilene Christian -7.5,7.5,49.5,49.5,232.0,-303.0
2026-09-14T12:29:59.145879+00:00,historical_market_backfill,-36.4998,2026,2,regular,401868050,2026-09-13 00:00:00+00:00,Abilene Christian,Stephen F. Austin,DraftKings,3.0,Stephen F. Austin,Stephen F. Austin -3,3.0,50.5,50.5,128.0,-160.0
2026-09-14T12:29:59.145879+00:00,historical_market_backfill,-421.4998,2026,1,regular,401868060,2026-08-27 23:00:00+00:00,Austin Peay,Gardner-Webb,Draft Kings,-14.5,Austin Peay,Austin Peay -14.5,,59.5,,,
2026-09-14T12:29:59.145879+00:00,historical_market_backfill,-39.4998,2026,2,regular,401868061,2026-09-12 21:00:00+00:00,Austin Peay,Morehead State,DraftKings,-36.5,Austin Peay,Austin Peay -36.5,-34.5,62.5,62.5,,
2026-09-14T12:29:59.145879+00:00,historical_market_backfill,-420.9998,2026,1,regular,401868070,2026-08-27 23:30:00+00:00,UT Martin,Central Arkansas,Draft Kings,-3.0,UT Martin,UT Martin -3,,50.5,,,
2026-09-14T12:29:59.145879+00:00,historical_market_backfill,-205.4998,2026,1,regular,401868071,2026-09-05 23:00:00+00:00,Central Arkansas,West Florida,DraftKings,-7.5,Central Arkansas,Central Arkansas -7.5,-7.5,55.5,55.5,-296.0,227.0
2026-09-14T12:29:59.145879+00:00,historical_market_backfill,-394.4998,2026,1,regular,401868073,2026-08-29 02:00:00+00:00,Cal Poly,Idaho,DraftKings,5.5,Idaho,Idaho -5.5,3.5,53.5,55.5,172.0,-219.0
2026-09-14T12:29:59.145879+00:00,historical_market_backfill,-375.4998,2026,1,regular,401868084,2026-08-29 21:00:00+00:00,Northern Arizona,Eastern Washington,DraftKings,-5.5,Northern Arizona,Northern Arizona -5.5,-3.0,55.5,56.5,-242.0,189.0
2026-09-14T12:29:59.145879+00:00,historical_market_backfill,-205.4998,2026,1,regular,401868085,2026-09-05 23:00:00+00:00,Eastern Washington,Northern Iowa,DraftKings,-7.0,Eastern Washington,Eastern Washington -7,-6.5,52.5,52.5,-280.0,216.0
2026-09-14T12:29:59.145879+00:00,historical_market_backfill,-40.4998,2026,2,regular,401868093,2026-09-12 20:00:00+00:00,Idaho,Lamar,DraftKings,-3.5,Idaho,Idaho -3.5,-1.5,51.5,49.5,-175.0,139.0
2026-09-14T12:29:59.145879+00:00,historical_market_backfill,-374.4998,2026,1,regular,401868101,2026-08-29 22:00:00+00:00,Idaho State,VMI,DraftKings,-34.5,Idaho State,Idaho State -34.5,-34.5,53.5,60.5,,
2026-09-14T12:29:59.145879+00:00,historical_market_backfill,-38.4998,2026,2,regular,401868102,2026-09-12 22:00:00+00:00,Idaho State,San Diego,DraftKings,-22.5,Idaho State,Idaho State -22.5,-25.5,58.5,58.5,-1860.0,860.0
2026-09-14T12:29:59.145879+00:00,historical_market_backfill,-371.4998,2026,1,regular,401868110,2026-08-30 01:00:00+00:00,Montana,Southern Utah,DraftKings,-15.5,Montana,Montana -15.5,-16.5,59.5,58.5,-1080.0,620.0
2026-09-14T12:29:59.145879+00:00,historical_market_backfill,-209.4998,2026,1,regular,401868111,2026-09-05 19:00:00+00:00,Montana,Drake,DraftKings,-35.5,Montana,Montana -35.5,-34.5,60.5,57.5,,
2026-09-14T12:29:59.145879+00:00,historical_market_backfill,-41.4998,2026,2,regular,401868112,2026-09-12 19:00:00+00:00,Montana,Utah Tech,DraftKings,-36.5,Montana,Montana -36.5,-38.5,56.5,56.5,,
2026-09-14T12:29:59.145879+00:00,historical_market_backfill,-370.4998,2026,1,regular,401868118,2026-08-30 02:00:00+00:00,Utah Tech,Montana State,DraftKings,32.5,Montana State,Montana State -32.5,31.5,57.5,56.5,,
2026-09-14T12:29:59.145879+00:00,historical_market_backfill,-203.9998,2026,1,regular,401868119,2026-09-06 00:30:00+00:00,Montana State,Butler,DraftKings,-45.5,Montana State,Montana State -45.5,-45.5,59.5,59.5,,
2026-09-14T12:29:59.145879+00:00,historical_market_backfill,-39.4998,2026,2,regular,401868123,2026-09-12 21:00:00+00:00,Northern Arizona,Incarnate Word,DraftKings,-4.5,Northern Arizona,Northern Arizona -4.5,-4.5,54.5,54.5,-186.0,148.0
2026-09-14T12:29:59.145879+00:00,historical_market_backfill,-395.4998,2026,1,regular,401868129,2026-08-29 01:00:00+00:00,Northern Colorado,Weber State,DraftKings,-3.0,Northern Colorado,Northern Colorado -3,-3.5,50.5,49.5,-161.0,129.0
2026-09-14T12:29:59.145879+00:00,historical_market_backfill,-373.4998,2026,1,regular,401868139,2026-08-29 23:00:00+00:00,Western Carolina,Eastern Kentucky,DraftKings,-3.0,Western Carolina,Western Carolina -3,-4.5,54.5,50.5,-152.0,122.0
2026-09-14T12:29:59.145879+00:00,historical_market_backfill,-205.4998,2026,1,regular,401868140,2026-09-05 23:00:00+00:00,Jacksonville State,Eastern Kentucky,DraftKings,-22.5,Jacksonville State,Jacksonville State -22.5,-19.5,51.5,52.5,-2100.0,1100.0
2026-09-14T12:29:59.145879+00:00,historical_market_backfill,-38.4998,2026,2,regular,401868141,2026-09-12 22:00:00+00:00,Eastern Kentucky,Chattanooga,DraftKings,3.0,Chattanooga,Chattanooga -3,3.0,48.5,48.5,135.0,-169.0
2026-09-14T12:29:59.145879+00:00,historical_market_backfill,-373.4998,2026,1,regular,401868149,2026-08-29 23:00:00+00:00,North Alabama,Samford,DraftKings,-7.0,North Alabama,North Alabama -7,-7.5,55.5,55.5,-313.0,239.0
2026-09-14T12:29:59.145879+00:00,historical_market_backfill,-37.4998,2026,2,regular,401868150,2026-09-12 23:00:00+00:00,SE Louisiana,North Alabama,DraftKings,-6.5,SE Louisiana,SE Louisiana -6.5,-6.5,51.5,49.5,-204.0,162.0
2026-09-14T12:29:59.145879+00:00,historical_market_backfill,-377.4998,2026,1,regular,401868154,2026-08-29 19:00:00+00:00,Portland State,UC Davis,DraftKings,25.5,UC Davis,UC Davis -25.5,24.5,60.5,62.5,1300.0,-5400.0
2026-09-14T12:29:59.145879+00:00,historical_market_backfill,-204.4998,2026,1,regular,401868158,2026-09-06 00:00:00+00:00,Southern Utah,Weber State,DraftKings,-14.5,Southern Utah,Southern Utah -14.5,-14.5,58.5,58.5,-820.0,520.0
2026-09-14T12:29:59.145879+00:00,historical_market_backfill,-202.4998,2026,1,regular,401868163,2026-09-06 02:00:00+00:00,San Diego,UC Davis,DraftKings,14.5,UC Davis,UC Davis -14.5,15.5,54.5,57.5,509.0,-800.0
2026-09-14T12:29:59.145879+00:00,historical_market_backfill,-421.4998,2026,1,regular,401868169,2026-08-27 23:00:00+00:00,Lindenwood,Charleston Southern,Draft Kings,-7.5,Lindenwood,Lindenwood -7.5,,45.5,,,
2026-09-14T12:29:59.145879+00:00,historical_market_backfill,-205.4998,2026,1,regular,401868170,2026-09-05 23:00:00+00:00,Georgia Southern,Charleston Southern,DraftKings,-28.5,Georgia Southern,Georgia Southern -28.5,-25.5,51.5,51.5,-5000.0,1800.0
2026-09-14T12:29:59.145879+00:00,historical_market_backfill,-38.4998,2026,2,regular,401868171,2026-09-12 22:00:00+00:00,The Citadel,Charleston Southern,DraftKings,-3.0,The Citadel,The Citadel -3,1.5,45.5,45.5,-156.0,125.0
2026-09-14T12:29:59.145879+00:00,historical_market_backfill,-210.9998,2026,1,regular,401868186,2026-09-05 17:30:00+00:00,Wofford,Gardner-Webb,DraftKings,-8.5,Wofford,Wofford -8.5,-7.0,50.5,47.5,-300.0,230.0
2026-09-14T12:29:59.145879+00:00,historical_market_backfill,-44.4998,2026,2,regular,401868187,2026-09-12 16:00:00+00:00,Liberty,Gardner-Webb,DraftKings,-29.5,Liberty,Liberty -29.5,-25.5,55.5,55.5,-4500.0,1700.0
2026-09-14T12:29:59.145879+00:00,historical_market_backfill,-371.9998,2026,1,regular,401868194,2026-08-30 00:30:00+00:00,Tennessee State,Jackson State,DraftKings,12.5,Jackson State,Jackson State -12.5,15.5,49.5,49.5,435.0,-650.0
2026-09-14T12:29:59.145879+00:00,historical_market_backfill,-37.4998,2026,2,regular,401868195,2026-09-12 23:00:00+00:00,Alabama A&M,Tennessee State,DraftKings,3.5,Tennessee State,Tennessee State -3.5,1.5,49.5,49.5,118.0,-147.0
2026-09-14T12:29:59.145879+00:00,historical_market_backfill,-371.4998,2026,1,regular,401868235,2026-08-30 01:00:00+00:00,Tarleton State,Prairie View A&M,DraftKings,-19.5,Tarleton State,Tarleton State -19.5,-21.5,54.5,54.5,-1540.0,770.0
2026-09-14T12:29:59.145879+00:00,historical_market_backfill,-37.4998,2026,2,regular,401868236,2026-09-12 23:00:00+00:00,McNeese,Tarleton State,DraftKings,19.5,Tarleton State,Tarleton State -19.5,20.5,56.5,56.5,690.0,-1260.0
2026-09-14T12:29:59.145879+00:00,historical_market_backfill,-421.4998,2026,1,regular,401868240,2026-08-27 23:00:00+00:00,West Georgia,Chattanooga,Draft Kings,3.5,Chattanooga,Chattanooga -3.5,,50.5,,,
2026-09-14T12:29:59.145879+00:00,historical_market_backfill,-37.4998,2026,2,regular,401868241,2026-09-12 23:00:00+00:00,Arkansas State,West Georgia,DraftKings,-31.5,Arkansas State,Arkansas State -31.5,-31.5,56.5,56.5,-10000.0,3000.0
2026-09-14T12:29:59.145879+00:00,historical_market_backfill,-37.4998,2026,2,regular,401868246,2026-09-12 23:00:00+00:00,Nicholls,UT Rio Grande Valley,DraftKings,5.5,UT Rio Grande Valley,UT Rio Grande Valley -5.5,5.5,50.5,50.5,184.0,-235.0
2026-09-14T12:29:59.145879+00:00,historical_market_backfill,-42.4998,2026,2,regular,401868255,2026-09-12 18:00:00+00:00,Northern Iowa,Drake,DraftKings,-11.5,Northern Iowa,Northern Iowa -11.5,-10.5,59.5,54.5,-521.0,368.0
2026-09-14T12:29:59.145879+00:00,historical_market_backfill,-398.4998,2026,1,regular,401868261,2026-08-28 22:00:00+00:00,New Haven,Marist,DraftKings,-2.5,New Haven,New Haven -2.5,1.5,46.5,44.5,-145.0,116.0
2026-09-14T12:29:59.145879+00:00,historical_market_backfill,-206.4998,2026,1,regular,401868274,2026-09-05 22:00:00+00:00,Mercer,Presbyterian,DraftKings,-22.5,Mercer,Mercer -22.5,-21.5,54.5,56.5,-2100.0,920.0
2026-09-14T12:29:59.145879+00:00,historical_market_backfill,-40.4998,2026,2,regular,401868285,2026-09-12 20:00:00+00:00,Bethune-Cookman,Stetson,DraftKings,-14.5,Bethune-Cookman,Bethune-Cookman -14.5,-14.5,56.5,56.5,-880.0,545.0
2026-09-14T12:29:59.145879+00:00,historical_market_backfill,-373.4998,2026,1,regular,401868305,2026-08-29 23:00:00+00:00,McNeese,Stephen F. Austin,DraftKings,12.5,Stephen F. Austin,Stephen F. Austin -12.5,13.5,49.5,49.5,328.0,-453.0
2026-09-14T12:29:59.145879+00:00,historical_market_backfill,-204.4998,2026,1,regular,401868306,2026-09-06 00:00:00+00:00,Stephen F. Austin,East Texas A&M,DraftKings,-23.5,Stephen F. Austin,Stephen F. Austin -23.5,-25.5,55.5,56.5,-3300.0,1100.0
2026-09-14T12:29:59.145879+00:00,historical_market_backfill,-421.4998,2026,1,regular,401868315,2026-08-27 23:00:00+00:00,SE Louisiana,Houston Christian,Draft Kings,-24.5,SE Louisiana,SE Louisiana -24.5,,51.5,,,
2026-09-14T12:29:59.145879+00:00,historical_market_backfill,-205.4998,2026,1,regular,401868316,2026-09-05 23:00:00+00:00,South Alabama,SE Louisiana,DraftKings,-13.5,South Alabama,South Alabama -13.5,-12.5,53.5,52.5,-575.0,425.0
2026-09-14T12:29:59.145879+00:00,historical_market_backfill,-377.4998,2026,1,regular,401868324,2026-08-29 19:00:00+00:00,Alabama State,Southern,DraftKings,-19.5,Alabama State,Alabama State -19.5,-19.5,56.5,56.5,-1760.0,830.0
2026-09-14T12:29:59.145879+00:00,historical_market_backfill,-40.4998,2026,2,regular,401868326,2026-09-12 20:00:00+00:00,Troy,Alabama State,DraftKings,-23.5,Troy,Troy -23.5,,52.5,51.5,-2100.0,1100.0
2026-09-14T12:29:59.145879+00:00,historical_market_backfill,-206.4998,2026,1,regular,401868336,2026-09-05 22:00:00+00:00,Chattanooga,Tennessee Tech,DraftKings,10.5,Tennessee Tech,Tennessee Tech -10.5,10.5,48.5,49.5,358.0,-504.0
2026-09-14T12:29:59.145879+00:00,historical_market_backfill,-37.4998,2026,2,regular,401868355,2026-09-12 23:00:00+00:00,Alcorn State,Arkansas-Pine Bluff,DraftKings,-8.5,Alcorn State,Alcorn State -8.5,-8.5,49.5,49.5,-346.0,261.0
2026-09-14T12:29:59.145879+00:00,historical_market_backfill,-207.4998,2026,1,regular,401868356,2026-09-05 21:00:00+00:00,Southern Miss,Alcorn State,DraftKings,-19.5,Southern Miss,Southern Miss -19.5,-21.0,51.5,50.5,-1600.0,900.0
2026-09-14T12:29:59.145879+00:00,historical_market_backfill,-38.4998,2026,2,regular,401868374,2026-09-12 22:00:00+00:00,Mercer,Furman,DraftKings,-15.5,Mercer,Mercer -15.5,-15.5,54.5,54.5,-590.0,406.0
2026-09-14T12:29:59.145879+00:00,historical_market_backfill,-37.4998,2026,2,regular,401868386,2026-09-12 23:00:00+00:00,Tennessee Tech,Samford,DraftKings,-26.5,Tennessee Tech,Tennessee Tech -26.5,-26.5,48.5,48.5,-5900.0,1340.0
2026-09-14T12:29:59.145879+00:00,historical_market_backfill,-374.4998,2026,1,regular,401868394,2026-08-29 22:00:00+00:00,Wofford,The Citadel,DraftKings,-7.5,Wofford,Wofford -7.5,-8.5,45.5,45.5,-415.0,305.0
2026-09-14T12:29:59.145879+00:00,historical_market_backfill,-421.4998,2026,1,regular,401868962,2026-08-27 23:00:00+00:00,Nicholls,Mississippi Valley State,Draft Kings,-28.5,Nicholls,Nicholls -28.5,,51.5,,,
2026-09-14T12:29:59.145879+00:00,historical_market_backfill,-188.4998,2026,1,regular,401868967,2026-09-06 16:00:00+00:00,Prairie View A&M,Texas Southern,DraftKings,-10.5,Prairie View A&M,Prairie View A&M -10.5,-10.5,54.5,54.5,-483.0,345.0
2026-09-14T12:29:59.145879+00:00,historical_market_backfill,-206.4998,2026,1,regular,401869127,2026-09-05 22:00:00+00:00,Howard,Richmond,DraftKings,14.0,Richmond,Richmond -14,14.5,43.5,45.5,453.0,-680.0
2026-09-14T12:29:59.145879+00:00,historical_market_backfill,-204.9998,2026,1,regular,401869129,2026-09-05 23:30:00+00:00,Louisiana Tech,Northwestern State,DraftKings,-44.5,Louisiana Tech,Louisiana Tech -44.5,-41.5,56.5,52.5,,
2026-09-14T12:29:59.145879+00:00,historical_market_backfill,-37.4998,2026,2,regular,401869130,2026-09-12 23:00:00+00:00,East Texas A&M,Northwestern State,DraftKings,-20.5,East Texas A&M,East Texas A&M -20.5,-20.5,53.5,51.5,-1320.0,710.0
2026-09-14T12:29:59.145879+00:00,historical_market_backfill,-204.4998,2026,1,regular,401869142,2026-09-06 00:00:00+00:00,Louisiana,Lamar,DraftKings,-20.5,Louisiana,Louisiana -20.5,-18.5,48.5,48.5,-1200.0,750.0
2026-09-14T12:29:59.145879+00:00,pregame,123.0002,2026,3,regular,401869940,2026-09-19 15:30:00+00:00,Delaware,Coastal Carolina,DraftKings,-4.5,Delaware,Delaware -4.5,-4.5,57.5,58.5,-205.0,170.0
2026-09-14T12:29:59.145879+00:00,pregame,130.5002,2026,3,regular,401869948,2026-09-19 23:00:00+00:00,Jacksonville State,Georgia Southern,DraftKings,-3.5,Jacksonville State,Jacksonville State -3.5,-2.5,53.5,53.5,-185.0,154.0
2026-09-14T12:29:59.145879+00:00,historical_market_backfill,-37.4998,2026,2,regular,401869955,2026-09-12 23:00:00+00:00,Kennesaw State,Georgia State,DraftKings,-7.0,Kennesaw State,Kennesaw State -7,-9.5,55.5,50.5,-298.0,240.0
2026-09-14T12:29:59.145879+00:00,historical_market_backfill,-212.4998,2026,1,regular,401869960,2026-09-05 16:00:00+00:00,James Madison,Liberty,DraftKings,-6.0,James Madison,James Madison -6,-6.0,50.5,,-225.0,185.0
2026-09-14T12:29:59.145879+00:00,historical_market_backfill,-205.4998,2026,1,regular,401870763,2026-09-05 23:00:00+00:00,Troy,Sam Houston,DraftKings,-16.5,Troy,Troy -16.5,-17.5,52.5,,-850.0,575.0
2026-09-14T12:29:59.145879+00:00,historical_market_backfill,-203.4998,2026,1,regular,401870790,2026-09-06 01:00:00+00:00,New Mexico State,Mercyhurst,DraftKings,-29.5,New Mexico State,New Mexico State -29.5,-24.5,52.5,50.5,-8000.0,2200.0
2026-09-14T12:29:59.145879+00:00,historical_market_backfill,-37.4998,2026,2,regular,401871045,2026-09-12 23:00:00+00:00,Marshall,Middle Tennessee,DraftKings,-12.5,Marshall,Marshall -12.5,-17.5,55.5,57.5,-535.0,400.0
2026-09-14T12:29:59.145879+00:00,historical_market_backfill,-37.4998,2026,2,regular,401871046,2026-09-12 23:00:00+00:00,Missouri State,Lindenwood,DraftKings,-16.5,Missouri State,Missouri State -16.5,-19.5,53.5,52.5,-850.0,575.0
2026-09-14T12:29:59.145879+00:00,pregame,130.0002,2026,3,regular,401871047,2026-09-19 22:30:00+00:00,Missouri State,Marshall,DraftKings,3.5,Marshall,Marshall -3.5,4.5,51.5,53.5,145.0,-175.0
2026-09-14T12:29:59.145879+00:00,historical_market_backfill,-373.4998,2026,1,regular,401872615,2026-08-29 23:00:00+00:00,South Dakota State,Stetson,DraftKings,-50.5,South Dakota State,South Dakota State -50.5,-47.5,58.5,56.5,,
2026-09-14T12:29:59.145879+00:00,historical_market_backfill,-37.4998,2026,2,regular,401872616,2026-09-12 23:00:00+00:00,South Dakota State,New Haven,DraftKings,-42.5,South Dakota State,South Dakota State -42.5,-44.5,54.5,55.5,,
2026-09-14T12:29:59.145879+00:00,historical_market_backfill,-421.4998,2026,1,regular,401874035,2026-08-27 23:00:00+00:00,West Florida,Southern Illinois,Draft Kings,19.5,Southern Illinois,Southern Illinois -19.5,,55.5,,,
2026-09-14T12:29:59.145879+00:00,historical_market_backfill,-373.4998,2026,1,regular,401874042,2026-08-29 23:00:00+00:00,Mercer,East Texas A&M,DraftKings,-22.5,Mercer,Mercer -22.5,-23.5,57.5,60.5,-3200.0,1100.0
